-- phpMyAdmin SQL Dump
-- version 4.7.4
-- https://www.phpmyadmin.net/
--
-- Host: 127.0.0.1:3306
-- Generation Time: Feb 14, 2019 at 08:46 PM
-- Server version: 5.7.19
-- PHP Version: 7.0.23

SET SQL_MODE = "NO_AUTO_VALUE_ON_ZERO";
SET AUTOCOMMIT = 0;
START TRANSACTION;
SET time_zone = "+00:00";


/*!40101 SET @OLD_CHARACTER_SET_CLIENT=@@CHARACTER_SET_CLIENT */;
/*!40101 SET @OLD_CHARACTER_SET_RESULTS=@@CHARACTER_SET_RESULTS */;
/*!40101 SET @OLD_COLLATION_CONNECTION=@@COLLATION_CONNECTION */;
/*!40101 SET NAMES utf8mb4 */;

--
-- Database: `jordancarmarket_db`
--

-- --------------------------------------------------------

--
-- Table structure for table `body_type`
--

DROP TABLE IF EXISTS `body_type`;
CREATE TABLE IF NOT EXISTS `body_type` (
  `id` int(25) NOT NULL AUTO_INCREMENT,
  `name` varchar(255) CHARACTER SET utf8 NOT NULL,
  `path` text CHARACTER SET utf8 NOT NULL,
  `lang_id` int(25) NOT NULL,
  PRIMARY KEY (`id`)
) ENGINE=MyISAM AUTO_INCREMENT=7 DEFAULT CHARSET=latin1;

--
-- Dumping data for table `body_type`
--

INSERT INTO `body_type` (`id`, `name`, `path`, `lang_id`) VALUES
(1, 'Sedan', '<svg version=\"1.1\" id=\"Layer_5\" xmlns=\"http://www.w3.org/2000/svg\" xmlns:xlink=\"http://www.w3.org/1999/xlink\" x=\"0px\" y=\"0px\"\r\n                                                                 viewBox=\"47.6 310.9 500 220\" enable-background=\"new 47.6 310.9 500 220\" xml:space=\"preserve\">\r\n                                                            <g>\r\n                                                            <path d=\"M207.9,399.4c-9.2,0-34.8-2.3-48.1-9.6c20.6-11,57.2-23.8,76-23.8c16.5,0,36.6,0,52.7,0c25.2,0,46.2,9.2,66.9,20.6\r\n                                                                  c-3.2,3.2-5,6.4-5.5,11.4c0,0.5,0,0.9,0,1.4H207.9L207.9,399.4z\"/>\r\n                                                            <path d=\"M134.6,486.4c-21.1,0-45.3-12.4-46.7-12.8l-2.3-1.4v-32.1l-1.4-0.9c0.9-1.8,6-7.3,6-11.9v-29.8l17.9-4.1\r\n                                                                  c24.3-11.4,90.7-34.3,134.6-34.3h54.9c12.4,0.9,22.9,3.2,32.1,5.5c17.9,5.5,58.6,30.2,65,34.3c6.4,0.9,40.3,5,67.8,11.9\r\n                                                                  c33,8.2,44,21.5,45.3,27.5l2.7,47.2l-4.1-0.9c-7.8,1.8-14.2,2.7-31.1,2.7h-18.8v-9.2h13.7c12.8,0,22-0.5,27.5-1.8v-0.9v-35.7\r\n                                                                  c-0.5-1.4-9.6-11.9-38-19.2c-29.8-7.8-66.9-11.9-67.3-11.9l-1.8-0.5c-0.5-0.5-45.8-28.8-64.1-34.3c-8.2-2.3-18.3-4.1-29.3-5.5h-54\r\n                                                                  c-42.6,0-104.4,22.9-127.8,33.9l-4.6,1.4l-11,2.3v22c0,6.4-3.2,12.8-4.6,15.6v22.9c6,3.7,22.9,12.4,38,11.9h12.4v9.2h-12.4\r\n                                                                  C132.8,486.4,135.1,486.4,134.6,486.4L134.6,486.4z M402,486.4H200.6v-9.2H402V486.4L402,486.4z\"/>\r\n                                                            <path d=\"M99.8,414.1c0,4.6-2.3,9.6-2.7,12.4h6.9c7.8,0,17.9-6,18.3-12.4v-6H99.4L99.8,414.1L99.8,414.1L99.8,414.1z\"/>\r\n                                                            <path d=\"M471.6,433.3l9.2,16.5c2.7-1.8,7.3-2.7,11-2.7l0,0l0,0l0,0l0,0l0,0l0,0c4.6,0,9.6,0,14.2,0v-0.9c-0.5-1.4-5-9.2-9.6-12.8\r\n                                                                  C487.7,433.3,479.9,433.3,471.6,433.3L471.6,433.3z\"/>\r\n                                                            <polygon points=\"310.5,426.9 287.6,426.9 287.6,422.3 310.5,422.3 	\"/>\r\n                                                            <polygon points=\"214.3,426.9 191.4,426.9 191.4,422.3 214.3,422.3 	\"/>\r\n                                                            <polygon points=\"232.6,459.9 232.6,468.1 381.9,468.1 	\"/>\r\n                                                            <polygon points=\"502.8,468.1 493.6,468.1 493.6,463.5 502.8,463.5 	\"/>\r\n                                                            <path d=\"M494.5,463.5h-6.9c-1.8,0-3.2-0.9-3.2,0.9v4.6c0,1.8,1.4,3.2,3.2,3.2h6.9c1.8,0,3.2-1.4,3.2-3.2v-2.3\r\n                                                                  C498.2,464.9,496.8,463.5,494.5,463.5L494.5,463.5z\"/>\r\n                                                            <path d=\"M359,396.2L359,396.2c-2.7,2.7-4.1,6-4.1,9.6c0,1.4,0.5,0.5,1.4,1.4c0.9,0.9,1.8,1.4,3.2,1.4H370c1.8,0,3.2-0.9,4.1-2.3\r\n                                                                  c0.9-1.4,0.9-0.9,0-2.7c-1.8-3.2-5-6.4-10.1-8.2C362.2,394.4,360.4,394.8,359,396.2L359,396.2z\"/>\r\n                                                            <path d=\"M367.7,415.5c-0.9,0-1.8-0.5-2.7-1.4l-6-8.2c-0.9-1.4-0.9-3.2,0.9-4.6c1.4-0.9,3.2-0.9,4.6,0.9l6,8.2\r\n                                                                  c0.9,1.4,0.9,3.2-0.9,4.6C369.1,415,368.6,415.5,367.7,415.5L367.7,415.5z\"/>\r\n                                                            <path d=\"M95.2,463.5v13.3h35.3l-0.5-0.9C115.4,474.5,101.2,467.2,95.2,463.5L95.2,463.5z\"/>\r\n                                                            <path d=\"M175.4,431L175.4,431c11,0,21.1,4.6,28.8,11.9l0,0h-1.4c7.3,7.3,11.9,17.4,11.9,28.8v11.9v2.7h-4.6h-8.7\r\n                                                                  c2.7-4.6,4.1-9.6,4.1-14.7c0-16-13.3-27.5-29.3-27.5s-29.3,11-29.3,27.5c0,5.5,1.4,10.5,4.1,14.7h-10.5h-3.2v-4.6v-10.5\r\n                                                                  c0-11,4.6-21.1,11.9-28.8h-1.8l0,0C153.9,435.6,163.9,431,175.4,431L175.4,431z\"/>\r\n                                                            <path d=\"M151.1,449.3c6.4-6.4,14.7-10.1,24.3-10.1c9.6,0,17.9,3.7,24.3,10.1l0,0c6.4,6.4,10.1,14.7,10.1,24.3\r\n                                                                  c0,9.6-3.7,17.9-10.1,24.3l0,0c-6.4,6.4-14.7,10.1-24.3,10.1c-9.6,0-17.9-3.7-24.3-10.1c-6.4-6.4-10.1-14.7-10.1-24.3\r\n                                                                  C141,464,144.7,455.3,151.1,449.3L151.1,449.3L151.1,449.3L151.1,449.3z M175.4,449.3c-13.3,0-23.8,10.5-23.8,23.8\r\n                                                                  s10.5,23.8,23.8,23.8c13.3,0,23.8-10.5,23.8-23.8C199.2,460.3,188.7,449.3,175.4,449.3L175.4,449.3z\"/>\r\n                                                            <path d=\"M175.4,464.9c-5,0-8.7,4.1-8.7,8.7c0,5,3.7,8.7,8.7,8.7c4.6,0,8.7-3.7,8.7-8.7C184.1,468.6,180,464.9,175.4,464.9\r\n                                                                  L175.4,464.9z\"/>\r\n                                                            <path d=\"M432.7,431L432.7,431c11,0,21.1,4.6,28.8,11.9l0,0h1.8c7.3,7.3,11.9,17.4,11.9,28.8v11.9v2.7h-4.6h-11.9\r\n                                                                  c2.7-4.6,4.1-9.6,4.1-14.7c0-16-13.3-27.5-29.3-27.5s-29.3,11-29.3,27.5c0,5.5,1.4,10.5,4.1,14.7h-10.5h-4.6v-4.6v-10.5\r\n                                                                  c0-11,4.6-21.1,11.9-28.8h-0.5l0,0C411.7,435.6,421.7,431,432.7,431L432.7,431z\"/>\r\n                                                            <path d=\"M408.5,449.3c6.4-6.4,14.7-10.1,24.3-10.1c9.6,0,17.9,3.7,24.3,10.1l0,0c6.4,6.4,10.1,14.7,10.1,24.3\r\n                                                                  c0,9.6-3.7,17.9-10.1,24.3l0,0c-6.4,6.4-14.7,10.1-24.3,10.1c-9.6,0-17.9-3.7-24.3-10.1c-6.4-6.4-10.1-14.7-10.1-24.3\r\n                                                                  C398.8,464,402.5,455.3,408.5,449.3L408.5,449.3L408.5,449.3L408.5,449.3z M432.7,449.3c-13.3,0-23.8,10.5-23.8,23.8\r\n                                                                  s10.5,23.8,23.8,23.8c13.3,0,23.8-10.5,23.8-23.8C457,460.3,446,449.3,432.7,449.3L432.7,449.3z\"/>\r\n                                                            <path d=\"M432.7,464.9c-4.6,0-8.7,4.1-8.7,8.7c0,5,3.7,8.7,8.7,8.7c4.6,0,8.7-3.7,8.7-8.7C441.9,468.6,437.8,464.9,432.7,464.9\r\n                                                                  L432.7,464.9z\"/>\r\n                                                            </g>\r\n                                                            </svg>', 1),
(2, 'Pickup', '<svg version=\"1.1\" id=\"Layer_1\" xmlns=\"http://www.w3.org/2000/svg\" xmlns:xlink=\"http://www.w3.org/1999/xlink\" x=\"0px\" y=\"0px\"\r\n                                                                 viewBox=\"47.6 310.9 500 220\" enable-background=\"new 47.6 310.9 500 220\" xml:space=\"preserve\">\r\n                                                            <g>\r\n                                                            <path d=\"M258.3,343.6H277v41.2h-25.2l7.8-40.8L258.3,343.6L258.3,343.6z M295.4,343.6h39.4c18.3,1.8,33,8.7,47.2,19.7\r\n                                                                  c-1.4,0.5-2.7,1.4-4.1,2.3v0.5c-3.7,3.7-5.5,13.3-5.5,18.8h-76.9V343.6L295.4,343.6z\"/>\r\n                                                            <path d=\"M107.6,476.4c-20.6,0-46.2-7.8-47.6-8.2l-2.7-1.4v-39.8l2.3-1.4c1.8-1.8,6.9-7.3,6.9-11v-7.8c0.5-5.5,0.5-11.9,0.9-17.4\r\n                                                                  c0-3.7,6-11,11.9-13.3l1.8-0.5h146.5l7.3-38.9c1.4-6.9,6.9-11.4,14.2-11.4h86.5c27.5,2.3,43.5,15.6,61.4,29.8\r\n                                                                  c8.2,6.4,16.5,15.1,26.1,21.1c4.1,0.5,10.5,0.5,17.9,0.9c43.5,1.8,83.3,4.6,87.5,24.3l4.1,34.8c2.7,1.8,6.4,5.5,6.4,10.5v15.1\r\n                                                                  c0,4.1-0.5,6.4-4.1,9.2c-6.9,4.1-14.7,6-30.7,6h-6.4v-9.2h6.9c13.7,0,20.1-0.9,25.2-4.1c0,0,0,0.5,0-1.4V447c0-1.4-2.3-2.7-3.2-3.2\r\n                                                                  l-2.7-0.9l-4.6-39.4c-3.2-13.3-54-15.1-78.3-16c-8.2-0.5-15.1-0.5-19.7-0.9l-1.8-0.5c-10.5-6.4-19.7-16-27.9-22.9\r\n                                                                  c-16.9-13.7-31.6-25.6-55.4-27.5h-87.5c-2.3,0-4.1,0.9-4.6,3.2l-8.7,47.2H81.5c-2.7,1.4-5,4.1-5.5,5c0,4.6-0.5,11.4-0.5,16.9v7.3\r\n                                                                  c0,6.9-6.4,13.3-9.2,16v28.4c7.3,2.7,26.6,8.7,41.7,8.2h8.7v9.2h-8.2C108.1,476.4,108.1,476.4,107.6,476.4L107.6,476.4z\r\n                                                                  M423.6,476.4H185.5v-9.2h238.1V476.4L423.6,476.4z\"/>\r\n                                                            <polygon points=\"529.3,444.3 523.4,407.7 515.1,407.7 515.1,444.3 	\"/>\r\n                                                            <polygon points=\"327.4,398.5 304.5,398.5 304.5,393.9 327.4,393.9 	\"/>\r\n                                                            <path d=\"M70.5,412.2h5c9.6,0,22.4-5.5,22.9-14.2v-8.7H72.3C72.3,397.6,71,406.3,70.5,412.2L70.5,412.2z\"/>\r\n                                                            <path d=\"M381,368.7L381,368.7c-2.7,2.7-4.1,12.4-4.1,16c0,1.4,0.5,2.3,1.4,3.2c0.9,0.9,1.8,1.4,3.2,1.4H392c11.4,0-1.8-20.1-6-21.5\r\n                                                                  C384.2,366.9,382.4,367.4,381,368.7L381,368.7z\"/>\r\n                                                            <polygon points=\"222.1,443.4 222.1,453.5 394.3,453.5 	\"/>\r\n                                                            <path d=\"M405.2,471.8h-4.6v-12.4c0-33.4,25.6-60.4,59.1-60.4s60,27,60,60.4v12.4h-4.6v-13.3c0-29.8-25.6-53.1-55.4-53.1\r\n                                                                  c-29.8,0-54.5,24.3-54.5,54V471.8L405.2,471.8z\"/>\r\n                                                            <path d=\"M460.7,457.1c-6,0-10.5,4.6-10.5,10.5s4.6,10.5,10.5,10.5c6,0,10.5-4.6,10.5-10.5S466.6,457.1,460.7,457.1L460.7,457.1z\"/>\r\n                                                            <path d=\"M210.2,471.8h-6.4v-12.4c0-29.8-23.8-54-53.6-54s-51.7,24.3-51.7,54v12.4h-9.2V459c0-33.4,27-60,60.4-60\r\n                                                                  s62.7,25.6,62.7,59.1L210.2,471.8L210.2,471.8z\"/>\r\n                                                            <path d=\"M460.7,413.2L460.7,413.2c12.8,0,24.3,5,32.5,13.7h-0.9c8.2,8.2,13.7,19.7,13.7,32.5v14.2v3.2h-4.6H500\r\n                                                                  c-2.3,7.8-6.9,15.1-12.8,20.1c-6.9,6-16,11.4-26.1,11.4s-19.2-3.7-26.1-9.6V497c-6-5-10.5-12.4-12.8-20.1h-2.3h-5v-4.6v-12.4\r\n                                                                  c0-12.8,5-24.3,13.7-32.5h0.5C436.8,418.2,448.3,413.2,460.7,413.2L460.7,413.2L460.7,413.2z M460.7,440.6c-14.7,0-27,11.9-27,27\r\n                                                                  c0,14.7,11.9,27,27,27c14.7,0,27-11.9,27-27C487.7,452.5,475.8,440.6,460.7,440.6L460.7,440.6L460.7,440.6z M152,440.6\r\n                                                                  c-14.7,0-27,11.9-27,27c0,14.7,11.9,27,27,27c14.7,0,27-11.9,27-27C179,452.5,166.7,440.6,152,440.6L152,440.6L152,440.6z\r\n                                                                  M152,413.2L152,413.2c12.8,0,24.3,5,32.5,13.7h0.9c8.2,8.2,13.7,19.7,13.7,32.5v14.2v3.2h-4.6h-3.7c-2.3,7.8-6.9,15.1-12.8,20.1\r\n                                                                  c-6.9,6-16,11.4-26.1,11.4c-10.1,0-19.2-5.5-26.1-11.4c-6-5-10.5-12.4-12.8-20.1h-2.3h-3.2v-4.6v-12.4c0-12.8,5-24.3,13.7-32.5\r\n                                                                  C129.6,418.2,139.2,413.2,152,413.2L152,413.2z\"/>\r\n                                                            <path d=\"M152,457.1c-6,0-10.5,4.6-10.5,10.5s4.6,10.5,10.5,10.5c6,0,10.5-4.6,10.5-10.5S158,457.1,152,457.1L152,457.1z\"/>\r\n                                                            </g>\r\n                                                            </svg>', 1),
(3, 'SUV', '<svg version=\"1.1\" id=\"Layer_2\" xmlns=\"http://www.w3.org/2000/svg\" xmlns:xlink=\"http://www.w3.org/1999/xlink\" x=\"0px\" y=\"0px\"\r\n                                                                 viewBox=\"47.6 310.9 500 220\" enable-background=\"new 47.6 310.9 500 220\" xml:space=\"preserve\">\r\n                                                            <g>\r\n                                                            <path d=\"M199.2,342.6h95.7c23.8,2.3,47.2,17.4,68.7,31.1c-0.5,0.5-0.9,0.9-1.4,1.4l0,0c-3.7,3.2-5.5,7.8-5.5,12.4\r\n                                                                  c0,0.5,0,0.9,0,1.4l-218.4-8.2C161.2,361.9,174.9,342.6,199.2,342.6L199.2,342.6z\"/>\r\n                                                            <path d=\"M115.4,475.4c-21.5,0-33.4-11.4-33.9-11.9l-1.4-1.4v-28.4l0.5-0.9c0.9-1.8,3.2-7.3,3.2-11.9c0-4.1,0.5-10.5,0.5-16.9v-11\r\n                                                                  c0.5-7.3,27.5-36.6,36.6-44.9v-9.6l4.6-2.7c18.8-4.1,55.4-6.4,80.6-6.4h89.3c33.4,2.7,64.6,22.9,92,40.3c5,3.2,9.6,7.8,14.2,10.5\r\n                                                                  c2.3,0,4.6,0.5,8.2,0.9c51.7,5,100.3,11.9,104.9,32.1v62.3l-3.7,2.7c-6.9,1.4-13.3,2.3-27.9,2.3h-13.7v-9.2h14.2\r\n                                                                  c11.9,0,17.9-0.5,22.4-1.4v-56.3c-2.3-9.6-34.8-17.9-96.2-23.8c-3.7-0.5-6.9-0.5-9.6-0.9l-1.8-0.5c-5-3.2-10.1-8.2-15.6-11.4\r\n                                                                  c-27.9-17.9-56.8-36.2-87.5-38.5h-89.7c-22.9,0-55.9,1.8-75.1,5.5v8.2l-4.1,1.8c-4.6,2.7-30.7,34.3-32.5,40.3v10.5\r\n                                                                  c0,6.4-0.9,12.8-0.9,16.9c0,6.4-1.8,12.8-3.7,15.6v19.7c3.2,2.7,12.4,10.5,26.6,10.1h5.5v9.2L115.4,475.4\r\n                                                                  C114.5,475.4,115.9,475.4,115.4,475.4L115.4,475.4z M396.1,475.4H194.6v-9.2h201.5V475.4L396.1,475.4z\"/>\r\n                                                            <path d=\"M365.4,378.4L365.4,378.4c-2.7,2.7-4.1,6-4.1,9.6c0,1.4,0.5,2.7,1.4,3.7c0.9,0.9,1.8,1.4,3.2,1.4h10.5\r\n                                                                  c1.8,0,3.2-0.9,4.1-2.3c0.9-1.4,0.9-3.7,0-5c-1.8-3.2-5-6.4-10.1-8.2C368.6,376.5,366.8,377,365.4,378.4L365.4,378.4z\"/>\r\n                                                            <path d=\"M367.2,390.7c-0.9,0-1.8-0.5-2.7-1.4l-6-8.2c-0.9-1.4-0.9-3.2,0.9-4.6c1.4-0.9,3.2-0.9,4.6,0.9l6,8.2\r\n                                                                  c0.9,1.4,0.9,3.2-0.9,4.6C368.2,390.3,367.7,390.7,367.2,390.7L367.2,390.7z\"/>\r\n                                                            <path d=\"M90.2,406.7h8.2c7.8,0,17.9-5.5,18.3-12.4v-6H92.5C92.5,394.8,90.2,400.3,90.2,406.7L90.2,406.7z\"/>\r\n                                                            <path d=\"M478.1,402.2l11,20.1c3.7-2.3,9.2-4.1,13.3-4.1l0,0l0,0l0,0l0,0l0,0l0,0c2.7,0,5.5-1.8,8.7-1.8c0-8.2,0.9-8.7-6.4-14.2\r\n                                                                  H478.1L478.1,402.2z\"/>\r\n                                                            <polygon points=\"299.9,406.7 277,406.7 277,402.2 299.9,402.2 	\"/>\r\n                                                            <polygon points=\"194.6,402.2 171.7,402.2 171.7,397.6 194.6,397.6 	\"/>\r\n                                                            <polygon points=\"222.1,450.7 222.1,457.1 371.4,457.1 	\"/>\r\n                                                            <path d=\"M508.7,436.1c-6.9,0-10.1,0-16.9,0c-3.7,3.7-3.7,8.2-3.7,12.8c6.9,0,13.7,0,20.6,0C508.7,444.8,508.7,440.2,508.7,436.1\r\n                                                                  L508.7,436.1z\"/>\r\n                                                            <path d=\"M488.6,457.1c-1.4-2.7-1.4-6.4-1.4-9.2c6.9,0,7.3,0.5,14.2,0.5v8.7H488.6L488.6,457.1z\"/>\r\n                                                            <path d=\"M138.3,347.7l-44.4,38.9v-8.7c9.2-12.4,28.4-33.4,32.1-35.7L138.3,347.7L138.3,347.7z\"/>\r\n                                                            <path d=\"M126.8,500.2c-6-5-10.5-12.4-12.8-20.1h-2.3h-3.7v-4.6v-16c0-12.8,5-24.3,13.7-32.5c8.2-8.2,18.8-13.7,31.6-13.7l0,0\r\n                                                                  c12.8,0,24.3,5,32.5,13.7h0.5c8.2,8.2,13.7,19.7,13.7,32.5v14.2v6.9h-4.6h-2.7c-2.3,7.8-6.9,15.1-12.8,20.1c-6.9,6-16,7.8-26.1,7.8\r\n                                                                  s-19.2-3.7-26.1-9.6v1.4H126.8z M427.2,440.6c-14.7,0-27,11.9-27,27c0,14.7,11.9,27,27,27c14.7,0,27-11.9,27-27\r\n                                                                  C453.8,452.5,441.9,440.6,427.2,440.6L427.2,440.6L427.2,440.6z M152.9,440.6c-14.7,0-27,11.9-27,27c0,14.7,11.9,27,27,27\r\n                                                                  c14.7,0,27-11.9,27-27C179.5,452.5,167.6,440.6,152.9,440.6L152.9,440.6L152.9,440.6z M427.2,413.2L427.2,413.2\r\n                                                                  c12.8,0,24.3,5,32.5,13.7h0.9c8.2,8.2,13.7,19.7,13.7,32.5v14.2v6.9h-4.6h-3.2c-2.3,7.8-6.9,15.1-12.8,20.1c-6.9,6-16,7.8-26.1,7.8\r\n                                                                  s-19.2-3.7-26.1-9.6v1.8c-6-5-10.5-12.4-12.8-20.1h-2.3h-3.7v-4.6v-16c0-12.8,5-24.3,13.7-32.5\r\n                                                                  C404.3,418.2,414.4,413.2,427.2,413.2L427.2,413.2L427.2,413.2z M427.2,457.1c6,0,10.5,4.6,10.5,10.5s-4.6,10.5-10.5,10.5\r\n                                                                  c-6,0-10.5-4.6-10.5-10.5S421.3,457.1,427.2,457.1L427.2,457.1L427.2,457.1z M152.9,457.1c-6,0-10.5,4.6-10.5,10.5\r\n                                                                  s4.6,10.5,10.5,10.5c6,0,10.5-4.6,10.5-10.5C163,461.7,158.4,457.1,152.9,457.1L152.9,457.1z\"/>\r\n                                                            </g>\r\n                                                            </svg>', 1),
(4, 'Coupe', '<svg  version=\"1.1\" id=\"Layer_3\" xmlns=\"http://www.w3.org/2000/svg\" xmlns:xlink=\"http://www.w3.org/1999/xlink\" x=\"0px\" y=\"0px\"\r\n                                                                  viewBox=\"47.6 310.9 500 220\" enable-background=\"new 47.6 310.9 500 220\" xml:space=\"preserve\">\r\n                                                            <g>\r\n                                                            <path d=\"M198.7,492.4v-9.2h21.1c65.9,0,134.2-0.5,198.7,0v9.2c-64.6,0-132.8,0-198.7,0H198.7L198.7,492.4z M152.9,493.8\r\n                                                                  c-20.6-2.7-57.2-13.7-69.1-22.4l-4.1-1.4v-25.6l1.4-1.4c1.8-1.8,6-8.2,6-12.8l4.1-18.3L86.5,393l22,2.7h37.5\r\n                                                                  c3.7-1.4,8.7-3.7,14.2-6c29.3-11.9,56.8-21.5,68.7-21.5h78.8c1.4,0,2.3,0,3.7,0.5c23.8,6.9,45.3,18.8,70.5,33.4h0.5\r\n                                                                  c70.1,2.7,111.3,8.2,125.5,16.5l2.3,1.4v14.7l5.5,4.6v2.3c0,17.9-7.8,25.2-12.4,29.3c0,0.5-0.5,0.9,0,0.9c1.4,2.7,2.3,5,2.3,7.8\r\n                                                                  v3.2l-5,1.4c-11,4.6-22.4,7.3-36.2,8.7v-9.6c11-0.9,21.1-3.2,30.2-6.4c0-0.5,0.9-0.5,0.9-0.9c-0.9-2.3-1.8-4.1-1.8-6v-2.3l0.9-0.9\r\n                                                                  c0.9-0.9,1.4-1.4,2.3-2.3c4.1-3.7,9.2-7.8,9.6-20.1l-5.5-4.6v-16c-11-5-40.3-11-118.1-14.2h-3.7l-0.9-0.5\r\n                                                                  c-24.7-14.7-46.2-24.7-69.1-31.1c-0.5,0-0.9,0-0.9,0H229c-10.5,0-44.9,13.7-65,22c-6.4,2.3-11.4,4.1-15.6,5.5l-1.4,0.5h-39.4h-8.2\r\n                                                                  l1.4,5.5l-4.6,20.6c0,6.4-5,13.7-7.8,16.5v16.9c12.4,7.3,46.2,16.9,64.1,19.2v9.2H152.9z\"/>\r\n                                                            <path d=\"M243.6,385.2c0.5,8.2,1.4,16,1.8,24.3c-12.4-2.7-25.2-5.5-37.5-8.7C223,390.7,225.7,385.2,243.6,385.2L243.6,385.2\r\n                                                                  L243.6,385.2z M253.2,385.2c17.9,0,36.2,0,54,0c12.8,3.7,25.2,9.2,37.5,15.1l-0.5,0.5l0,0c-2.7,2.7-4.6,6.4-5.5,10.1\r\n                                                                  c-9.2,0-19.7,0-30.7,0c-17.4,0-35.3,0-52.7,0C254.6,402.6,254.1,393.9,253.2,385.2L253.2,385.2z\"/>\r\n                                                            <path d=\"M424.9,503.4c-4.6-2.3-8.2-6-11.4-10.1l-3.2-0.5c-1.8-0.5-5-0.9-6.9-0.9l-3.7-0.9v-3.7V475c0-11.9,2.7-22.4,10.5-30.2h1.4\r\n                                                                  c6.4-6.4,16-10.5,30.2-10.5c13.7,0,23.4,4.1,30.2,10.5l0,0c7.8,7.8,10.5,18.3,10.5,30.2v7.8v4.1l-4.1,0.5c-1.4,0.5-2.7,0.5-4.1,0.9\r\n                                                                  l0,0l-1.4,0.5c-2.7,5.5-6.4,10.1-11.4,13.7c-5.5,3.7-12.4,6-19.7,6C435.9,507.9,430,506.1,424.9,503.4L424.9,503.4L424.9,503.4\r\n                                                                  L424.9,503.4z M441.9,449.3c-13.3,0-23.8,10.5-23.8,23.8s10.5,23.8,23.8,23.8c13.3,0,23.8-10.5,23.8-23.8\r\n                                                                  C465.7,460.3,455.2,449.3,441.9,449.3L441.9,449.3L441.9,449.3z M174.5,449.3c-13.3,0-23.8,10.5-23.8,23.8s10.5,23.8,23.8,23.8\r\n                                                                  c13.3,0,23.8-10.5,23.8-23.8C198.3,460.3,187.7,449.3,174.5,449.3L174.5,449.3L174.5,449.3z M145.2,444.3h-0.5\r\n                                                                  c6.4-6.4,16-10.5,30.2-10.5c13.7,0,23.4,4.1,30.2,10.5h1.8c7.8,7.8,10.5,18.3,10.5,30.2v15.1v2.7h-4.6h-11.4\r\n                                                                  c-2.7,3.7-6.4,6.9-11,9.2c-5,2.7-10.5,6-16,6c-6,0-11.9-1.4-16.5-4.6c-4.6-2.3-8.2-6-11.4-10.1l-3.2-0.5c-1.8-0.5-3.2-0.9-5-1.4\r\n                                                                  l-3.7-0.9v-3.7v-12.4C134.6,462.6,137.4,452.1,145.2,444.3L145.2,444.3z\"/>\r\n                                                            <path d=\"M174.5,464.9c-5,0-8.7,3.7-8.7,8.7c0,4.6,3.7,8.7,8.7,8.7c4.6,0,8.7-4.1,8.7-8.7C183.2,468.6,179,464.9,174.5,464.9\r\n                                                                  L174.5,464.9z\"/>\r\n                                                            <polygon points=\"281.2,423.7 258.3,423.7 258.3,419.1 281.2,419.1 	\"/>\r\n                                                            <polygon points=\"230.8,465.4 230.8,474.1 388.8,474.1 	\"/>\r\n                                                            <path d=\"M441.9,464.9c-4.6,0-8.7,3.7-8.7,8.7c0,4.6,3.7,8.7,8.7,8.7s8.7-4.1,8.7-8.7C450.6,468.6,446.5,464.9,441.9,464.9\r\n                                                                  L441.9,464.9z\"/>\r\n                                                            <path d=\"M464.3,396.2h-49.9l-21.1,9.2v2.3c21.5,1.4,47.6,3.2,71,6V396.2L464.3,396.2z\"/>\r\n                                                            <path d=\"M347.1,404.5L347.1,404.5c-2.7,2.7-4.1,6-4.1,9.6c0,1.4,0.5,2.7,1.4,4.1c0.9,0.9,1.8,1.4,3.2,1.4h10.5\r\n                                                                  c1.8,0,3.2-0.9,4.1-2.3c0.9-1.4,0.9-3.7,0-5c-1.8-3.2-5-6.4-10.1-8.2C350.3,402.6,348.5,403.1,347.1,404.5L347.1,404.5z\"/>\r\n                                                            <path d=\"M355.8,423.7c-0.9,0-1.8-0.5-2.7-1.4l-6-8.2c-0.9-1.4-0.9-3.2,0.9-4.6c1.4-0.9,3.2-0.9,4.6,0.5l6,8.2\r\n                                                                  c0.9,1.4,0.9,3.2-0.5,4.6C357.2,423.2,356.7,423.7,355.8,423.7L355.8,423.7z\"/>\r\n                                                            </g>\r\n                                                            </svg>', 1),
(5, 'Convertible', '<svg version=\"1.1\" id=\"Layer_4\" xmlns=\"http://www.w3.org/2000/svg\" xmlns:xlink=\"http://www.w3.org/1999/xlink\" x=\"0px\" y=\"0px\"\r\n                                                                 viewBox=\"47.6 310.9 500 220\" enable-background=\"new 47.6 310.9 500 220\" xml:space=\"preserve\">\r\n                                                            <g>\r\n                                                            <path d=\"M249.1,378.4h-0.9c-4.1,0.5-6,4.1-7.3,8.2l-2.3,8.7c-4.1,12.8,19.2,12.8,18.8,1.8v-11.4\r\n                                                                  C256.9,381.1,253.7,377.9,249.1,378.4L249.1,378.4z\"/>\r\n                                                            <path d=\"M142,488.3c-21.1,0-41.7-14.2-42.6-14.7l-2.3-1.4v-32.1l2.3-1.4c0.9-1.8,2.3-7.3,2.3-11.9v-30.2l58.6-3.7\r\n                                                                  c25.2-1.4,40.8,1.4,58.2,4.1c9.6,1.4,19.7,3.2,31.6,4.1h95.2c5.5,0,11-0.9,16.9-1.4c6-0.9,11.9-1.8,18.3-1.8\r\n                                                                  c0.9,0,38.9,4.1,69.6,11.9c33,8.2,44,21.5,45.3,27.5l2.7,47.2l-4.1,0.9c-7.8,1.8-14.2,2.7-31.1,2.7h-18.3v-9.2h16\r\n                                                                  c12.8,0,19.7-0.5,25.2-1.8v-2.7v-35.7c-0.5-1.4-9.6-11.9-38-19.2c-29.8-7.8-67.3-11.9-67.8-11.9c-5,0-10.5,0.5-16.5,1.4\r\n                                                                  c-6,0.9-11.9,1.8-18.3,1.8h-95.7c-12.8-0.9-22.9-2.7-33-4.1c-16.5-2.7-31.6-4.6-55.9-3.7l-49.9,2.7v21.5c0,6.4-3.2,12.8-4.6,15.6\r\n                                                                  v23.8c6,3.7,22.9,12.4,38,11.9h12.4v9.2h-14.2C142,488.3,142.4,488.3,142,488.3L142,488.3z M394.7,488.3H207v-9.2h187.7V488.3\r\n                                                                  L394.7,488.3z\"/>\r\n                                                            <path d=\"M106.2,415.9c0,4.6-1.8,9.6-1.8,12.4h6.4c7.8,0,17.9-6,18.3-12.4v-6h-22.9V415.9L106.2,415.9L106.2,415.9z\"/>\r\n                                                            <path d=\"M458.8,433.3l9.2,16.5c3.2-1.8,7.3-2.7,11-2.7l0,0l0,0l0,0l0,0l0,0l0,0c4.6,0,9.6,0,14.2,0v-0.9c-0.5-1.4-5-9.2-9.6-12.8\r\n                                                                  C475.3,433.3,467.1,433.3,458.8,433.3L458.8,433.3z\"/>\r\n                                                            <path d=\"M213.4,488.3c-1.8,3.7-4.1,6.9-6.9,9.6l0,0c-6.4,6.4-14.7,10.1-24.3,10.1s-17.9-4.1-24.3-10.1c-2.7-2.7-5-6-6.9-9.6h-4.6\r\n                                                                  h-3.7v-4.6v-12.4c0-11,4.6-21.5,11.9-28.8c7.3-7.3,16.5-11.9,27.5-11.9l0,0c11,0,21.1,4.1,28.8,11.4l0,0h2.3\r\n                                                                  c7.3,7.3,11.9,17.4,11.9,28.8v12.4v4.6h-4.6h-7.3V488.3L213.4,488.3z M420.4,449.3c-13.3,0-23.8,10.5-23.8,23.8\r\n                                                                  s10.5,23.8,23.8,23.8c13.3,0,23.8-10.5,23.8-23.8C444.6,460.3,433.6,449.3,420.4,449.3L420.4,449.3L420.4,449.3z M182.2,449.3\r\n                                                                  c-13.3,0-23.8,10.5-23.8,23.8S169,497,182.2,497s23.8-10.5,23.8-23.8C206.5,460.3,195.5,449.3,182.2,449.3L182.2,449.3L182.2,449.3\r\n                                                                  z M420.4,431L420.4,431c11,0,21.1,4.1,28.8,11.4l0,0h2.3c7.3,7.3,11.9,17.4,11.9,28.8v12.4v4.6h-4.6h-7.3c-1.8,3.7-4.1,6.9-6.9,9.6\r\n                                                                  c-6.4,6.4-14.7,10.1-24.3,10.1c-9.6,0-17.9-3.7-24.3-10.1l0,0c-2.7-2.7-5-6-6.9-9.6h-4.6H381v-4.6v-12.4c0-11,4.6-21.1,11.9-28.8\r\n                                                                  H392l0,0C399.3,435.6,409.4,431,420.4,431L420.4,431z\"/>\r\n                                                            <path d=\"M420.4,464.9c-4.6,0-8.7,3.7-8.7,8.7c0,4.6,4.1,8.7,8.7,8.7s8.7-3.7,8.7-8.7C429.1,468.6,425.4,464.9,420.4,464.9\r\n                                                                  L420.4,464.9z\"/>\r\n                                                            <polygon points=\"266.5,424.2 243.6,424.2 243.6,419.6 266.5,419.6 	\"/>\r\n                                                            <path d=\"M182.2,464.9c-5,0-8.7,3.7-8.7,8.7c0,4.6,3.7,8.7,8.7,8.7c4.6,0,8.7-3.7,8.7-8.7C190.9,468.6,187.3,464.9,182.2,464.9\r\n                                                                  L182.2,464.9z\"/>\r\n                                                            <polygon points=\"234.4,464 234.4,469.9 367.7,469.9 	\"/>\r\n                                                            <polygon points=\"490.9,469.9 481.7,469.9 481.7,465.4 490.9,465.4 	\"/>\r\n                                                            <path d=\"M483.1,460.8h-6.9c-1.8,0-3.2,1.8-3.2,3.7v2.3c0,1.8,1.4,3.2,3.2,3.2h6.9c1.8,0,3.2-1.4,3.2-3.2v-2.3\r\n                                                                  C486.3,462.2,484.9,460.8,483.1,460.8L483.1,460.8z\"/>\r\n                                                            <path d=\"M101.7,465.4v13.3h36.6v-0.9C123.6,476.4,107.6,469,101.7,465.4L101.7,465.4z\"/>\r\n                                                            <path d=\"M185,376.1L185,376.1c-4.1,0.5-6,4.1-6.9,8.2l-2.7,8.7c-0.5,0.9-0.5,1.4-0.5,1.8c6.4,0.5,11.9,0.9,18.3,1.4\r\n                                                                  c0-0.5,0-0.9,0-1.4v-11.4C192.8,378.8,189.6,375.6,185,376.1L185,376.1z\"/>\r\n                                                            <path d=\"M383.3,398.5c0,0-46.7-28.4-65.9-34.3c-2.3-0.9-4.6-1.4-6.9-1.8l0,0c-2.3-0.5-5-0.9-7.8-1.4l-1.8,9.2\r\n                                                                  c24.3,6,33.9,21.1,54.9,33.9c3.2,1.8,19.2,0.9,22.4,2.7L383.3,398.5L383.3,398.5z\"/>\r\n                                                            <path d=\"M337.5,400.8L337.5,400.8c-2.7,2.7-4.1,6-4.1,9.6c0,1.4,0.5,2.3,1.4,3.2c0.9,0.9,1.8,1.4,3.2,1.4H348\r\n                                                                  c1.8,0,3.2-0.9,4.1-2.3c0.9-1.4,0.9-3.2,0-4.6c-1.8-3.2-5-6.4-10.1-8.2C340.2,399,338.4,399.4,337.5,400.8L337.5,400.8z\"/>\r\n                                                            <path d=\"M345.7,412.7c-0.9,0-1.8-0.5-2.7-1.4l-6-8.2c-0.9-1.4-0.9-3.2,0.5-4.6c1.4-0.9,3.2-0.9,4.6,0.9l6,8.2\r\n                                                                  c0.9,1.4,0.9,3.2-0.9,4.6C347.1,412.7,346.6,412.7,345.7,412.7L345.7,412.7z\"/>\r\n                                                            </g>\r\n                                                            </svg>', 1),
(6, 'Minicar', '<svg version=\"1.1\" id=\"Layer_6\" xmlns=\"http://www.w3.org/2000/svg\" xmlns:xlink=\"http://www.w3.org/1999/xlink\" x=\"0px\" y=\"0px\"\r\n                                                                 viewBox=\"47.6 310.9 500 220\" enable-background=\"new 47.6 310.9 500 220\" xml:space=\"preserve\">\r\n                                                            <g>\r\n                                                            <path d=\"M367.7,491.9h-142v-9.2h142V491.9L367.7,491.9z M408.9,490.1v-9.2c8.2,0,14.2-0.9,18.3-1.4V448c-2.7-11-39.8-27.5-54-27.5\r\n                                                                  l-0.9-1.4h-1.4h-5c-27.9-16.9-49.9-29.3-82-32.1h-25.6c-19.7,0-35.7,1.4-48.1,4.6l1.8,0.5l-4.1,2.7c-13.3,8.2-36.2,28.8-34.3,39.8\r\n                                                                  c0,6.9-4.6,11.9-7.3,14.2v22.9c1.4,2.3,5.5,7.8,14.7,9.2l-2.3,9.2c-16-2.7-21.1-14.7-21.1-15.1l-0.5-1.8v-29.3l2.3-1.4\r\n                                                                  c1.8-0.9,4.1-4.6,4.1-7.3c-2.3-16.5,22.4-37.1,35.7-46.2l-3.7-5.5l6,0.9c14.2-4.6,33-6.9,56.8-6.9h26.1\r\n                                                                  c34.8,3.2,58.6,17.9,86.5,34.8l2.7-1.4c16.5,0.9,58.2,18.3,62.3,36.2l2.7,40.3h-6.4C425.9,488.7,420.4,489.6,408.9,490.1\r\n                                                                  L408.9,490.1z\"/>\r\n                                                            <path d=\"M202.4,442.9L202.4,442.9c9.2,0,17.9,3.7,24.3,10.1h-1.4c6,6,10.1,14.7,10.1,24.3v8.7v6.4h-4.6H229c-1.4,3.2-3.7,6.4-6,8.7\r\n                                                                  v-1.4l0,0c-5,5-12.4,8.7-20.6,8.7c-7.8,0-15.1-3.2-20.6-8.7l0,0l0,0c-2.7-2.7-5-6.4-6.4-10.1c-1.4-0.5-5-0.9-6-1.4l-2.7-1.4v-3.2\r\n                                                                  v-6.4c0-9.2,3.7-17.9,10.1-24.3h2.3C184.5,447,192.8,442.9,202.4,442.9L202.4,442.9L202.4,442.9z M388.3,459\r\n                                                                  c-11,0-19.7,8.7-19.7,19.7c0,11,8.7,19.7,19.7,19.7c11,0,19.7-8.7,19.7-19.7C408,468.1,399.3,459,388.3,459L388.3,459L388.3,459z\r\n                                                                  M202.4,459c-11,0-19.7,8.7-19.7,19.7c0,11,8.7,19.7,19.7,19.7s19.7-8.7,19.7-19.7C222.1,468.1,213.4,459,202.4,459L202.4,459\r\n                                                                  L202.4,459z M388.3,442.9L388.3,442.9c9.2,0,17.9,3.7,24.3,10.1l0,0c6,6,10.1,14.7,10.1,24.3v8.2v6.4h-4.6c-0.9,0-1.8,0-3.2,0\r\n                                                                  c-1.4,3.2-3.7,4.6-6,7.3l0,0l0,0c-5,5-12.4,8.7-20.6,8.7c-7.8,0-15.1-3.2-20.6-8.7l0,0v1.4c-2.7-2.7-4.6-5.5-6-8.7H359h-5v-4.6\r\n                                                                  v-10.1c0-9.2,3.7-17.9,10.1-24.3h0.5C370.4,447,378.7,442.9,388.3,442.9L388.3,442.9z\"/>\r\n                                                            <path d=\"M205.1,393.9c-9.2,5-23.4,12.8-30.2,20.1h16l21.5-22.9L205.1,393.9L205.1,393.9z\"/>\r\n                                                            <path d=\"M212,416.4c14.7-16.5,24.7-25.2,37.1-25.2h34.8c20.6,1.8,37.5,8.7,54.5,17.9c-0.5,0-0.5-0.5-0.9,0l0,0\r\n                                                                  c-3.2,3.2-5,6.9-5,11.4c0,0.9,0,1.4,0,2.3L212,416.4L212,416.4z\"/>\r\n                                                            <path d=\"M166.2,425.5v0.9v11h13.3c0,0,8.2-9.6,7.8-15.1C186.8,421.9,177.7,422.3,166.2,425.5L166.2,425.5z\"/>\r\n                                                            <path d=\"M202.4,471.8c-4.1,0-7.3,3.2-7.3,7.3c0,4.1,3.2,7.3,7.3,7.3c4.1,0,7.3-3.2,7.3-7.3C209.3,475,206.1,471.8,202.4,471.8\r\n                                                                  L202.4,471.8z\"/>\r\n                                                            <path d=\"M388.3,471.8c-4.1,0-7.3,3.2-7.3,7.3c0,4.1,3.2,7.3,7.3,7.3c4.1,0,7.3-3.2,7.3-7.3C395.6,475,392.4,471.8,388.3,471.8\r\n                                                                  L388.3,471.8z\"/>\r\n                                                            <polygon points=\"285.3,432.4 271.5,432.4 271.5,427.8 285.3,427.8 	\"/>\r\n                                                            <path d=\"M339.8,411.3L339.8,411.3c-2.7,2.7-4.1,6-4.1,9.6c0,1.4,0.5,4.6,1.4,5.5c0.9,0.9,1.8,1.4,3.2,1.4h10.5\r\n                                                                  c1.8,0,3.2-0.9,4.1-2.3c0.9-1.4,0.9-5.5,0-6.9c-1.8-3.2-5-6.4-10.1-8.2C343,409.5,341.1,410,339.8,411.3L339.8,411.3z\"/>\r\n                                                            <path d=\"M348.5,430.6c-0.9,0-1.8-0.5-2.7-1.4l-6-8.2c-0.9-1.4-0.9-3.2,0.9-4.6c1.4-0.9,3.2-0.9,4.6,0.9l6,8.2\r\n                                                                  c0.9,1.4,0.9,3.2-0.9,4.6C349.8,430.1,348.9,430.6,348.5,430.6L348.5,430.6z\"/>\r\n                                                            <polygon points=\"225.7,427.8 212,427.8 212,423.2 225.7,423.2 	\"/>\r\n                                                            <path d=\"M397,423.2c11.9,21.1,16,26.6,31.6,26.6v0.5l0,0l0,0l0,0l0,0h0.5h1.8v-2.7c-1.8-8.7-16-17.9-30.7-24.3H397L397,423.2z\"/>\r\n                                                            </g>\r\n                                                            </svg>', 1);

-- --------------------------------------------------------

--
-- Table structure for table `cars`
--

DROP TABLE IF EXISTS `cars`;
CREATE TABLE IF NOT EXISTS `cars` (
  `id` int(25) NOT NULL AUTO_INCREMENT,
  `slug` varchar(255) CHARACTER SET utf8 NOT NULL,
  `name` varchar(255) CHARACTER SET utf8 NOT NULL,
  `title` varchar(255) CHARACTER SET utf8 NOT NULL,
  `user_id` int(25) NOT NULL,
  `image` varchar(255) CHARACTER SET utf8 NOT NULL,
  `description` text CHARACTER SET utf8 NOT NULL,
  `make_id` int(25) NOT NULL,
  `model_id` int(25) NOT NULL,
  `price` varchar(255) CHARACTER SET utf8 NOT NULL,
  `year` int(25) NOT NULL,
  `milage` varchar(255) CHARACTER SET utf8 NOT NULL,
  `condition_id` int(1) NOT NULL,
  `exterior_color` int(25) NOT NULL,
  `interior_color` int(25) NOT NULL,
  `interior_type` int(1) NOT NULL,
  `transmission` int(1) NOT NULL,
  `engine` int(25) NOT NULL,
  `drivetrain` int(1) NOT NULL,
  `inspection` varchar(255) CHARACTER SET utf8 NOT NULL,
  `body_type` int(25) NOT NULL,
  `featured` int(1) NOT NULL,
  `status` int(1) NOT NULL,
  `type` int(1) NOT NULL,
  `location` int(1) NOT NULL,
  `ad_type` int(1) NOT NULL DEFAULT '1',
  `date_created` int(25) NOT NULL,
  `date_edited` int(25) NOT NULL,
  `lang_id` int(25) NOT NULL,
  PRIMARY KEY (`id`)
) ENGINE=MyISAM AUTO_INCREMENT=146 DEFAULT CHARSET=latin1;

--
-- Dumping data for table `cars`
--

INSERT INTO `cars` (`id`, `slug`, `name`, `title`, `user_id`, `image`, `description`, `make_id`, `model_id`, `price`, `year`, `milage`, `condition_id`, `exterior_color`, `interior_color`, `interior_type`, `transmission`, `engine`, `drivetrain`, `inspection`, `body_type`, `featured`, `status`, `type`, `location`, `ad_type`, `date_created`, `date_edited`, `lang_id`) VALUES
(1, 'chevrolet_silvarado_1500', 'Chevrolet Silverado 1500', 'Fully Loaded Truck', 1, '1524539431_L1FKpP19w0_KCrS7v0AoO1O5p43dPyWU.jpg', '<p>Vestibulum auctor lacinia nunc. Nunc ut turpis.Sed libero magna, fermentum viverra, egestas non, fermentum sed, elit. Aenean erat orci, mollis quis gravida sed, mollis a, quam. Integer fermentum neque egestas orci. Nunc posuere, felis sit amet faucibus convallis tortor enim viverra quam, hendrerit interdum dui quam ut lacus. Donec quis quam in ante condimentum blan erdit. Integer et urna. Vestibulum nisl. Ut ante est, imperdiet dignissim eleifend sit amet lacinia tempor justo. Nunc ornare atm nibh. Fusce ut felis.</p>\r\n<p>Donec ullamcorper nisi ac lectus. Proin at orci. Suspendisse nec orci nec elit convallis porttitor. Praesent sit amet turpis eu nisl faucibus pharetra. Sed eu felis. Etiam eleifend nisl nec lectus. Ut suscipit pede eu diam. Aenean vitae quam. Cras felis. Sed utdw nibh. Duis libero. Vivamus pharetra libero non facilisis imperdiet mi augue feugiat nisl.</p>', 1, 1, '29415', 59, '10,000 - 19,999', 2, 6, 2, 1, 1, 3, 3, '1524539431_tpq1-doxpjQbpVMH5W6zRQEGQr931TI_.jpg', 2, 2, 1, 1, 1, 1, 1524539431, 0, 1),
(2, 'ferrari_la_ferrar', 'Ferrari LaFerrar', 'Ferarri for sale 458 LaFerrar', 7, '1524612847_VB4EPyV7C7LcNOPzJzuf1VOw9Zh8Zsam.jpg', '<p>Vestibulum auctor lacinia nunc. Nunc ut turpis.Sed libero magna, fermentum viverra, egestas non, fermentum sed, elit. Aenean erat orci, mollis quis gravida sed, mollis a, quam. Integer fermentum neque egestas orci. Nunc posuere, felis sit amet faucibus convallis tortor enim viverra quam, hendrerit interdum dui quam ut lacus. Donec quis quam in ante condimentum blan erdit. Integer et urna. Vestibulum nisl. Ut ante est, imperdiet dignissim eleifend sit amet lacinia tempor justo. Nunc ornare atm nibh. Fusce ut felis.</p>\r\n<p>Donec ullamcorper nisi ac lectus. Proin at orci. Suspendisse nec orci nec elit convallis porttitor. Praesent sit amet turpis eu nisl faucibus pharetra. Sed eu felis. Etiam eleifend nisl nec lectus. Ut suscipit pede eu diam. Aenean vitae quam. Cras felis. Sed utdw nibh. Duis libero. Vivamus pharetra libero non facilisis imperdiet mi augue feugiat nisl.</p>', 3, 13, '79500', 59, '2', 2, 11, 1, 3, 1, 3, 3, '1524612847_J7s-eo1EDA1WgVUHHcv7huMKbMwL36pp.jpg', 4, 2, 1, 3, 1, 1, 1524612847, 0, 1),
(3, 'nissan_maxima_sv', 'Nissan Maxima SV', 'Fully loaded sport car', 1, '1524613180_H4K39jVXpGQBz-VRA5taud0-QB-MFtJd.jpg', '<p>Vestibulum auctor lacinia nunc. Nunc ut turpis.Sed libero magna, fermentum viverra, egestas non, fermentum sed, elit. Aenean erat orci, mollis quis gravida sed, mollis a, quam. Integer fermentum neque egestas orci. Nunc posuere, felis sit amet faucibus convallis tortor enim viverra quam, hendrerit interdum dui quam ut lacus. Donec quis quam in ante condimentum blan erdit. Integer et urna. Vestibulum nisl. Ut ante est, imperdiet dignissim eleifend sit amet lacinia tempor justo. Nunc ornare atm nibh. Fusce ut felis.</p>\r\n<p>Donec ullamcorper nisi ac lectus. Proin at orci. Suspendisse nec orci nec elit convallis porttitor. Praesent sit amet turpis eu nisl faucibus pharetra. Sed eu felis. Etiam eleifend nisl nec lectus. Ut suscipit pede eu diam. Aenean vitae quam. Cras felis. Sed utdw nibh. Duis libero. Vivamus pharetra libero non facilisis imperdiet mi augue feugiat nisl.</p>', 6, 16, '35000', 59, '1', 1, 6, 2, 2, 1, 1, 1, '1524613180_fTdd4Gl8rdMjHcgEoKj6fanzwICNM1SK.jpg', 1, 2, 1, 2, 1, 1, 1524613180, 0, 1),
(4, 'audi_s4', 'Audi S4 ', '3.0L V6 Turbo Fully loaded', 1, '1524624961_yG88HCy_Qw8FaxXeby6pSGrSFjqjhbZT.jpg', '<p>Vestibulum auctor lacinia nunc. Nunc ut turpis.Sed libero magna, fermentum viverra, egestas non, fermentum sed, elit. Aenean erat orci, mollis quis gravida sed, mollis a, quam. Integer fermentum neque egestas orci. Nunc posuere, felis sit amet faucibus convallis tortor enim viverra quam, hendrerit interdum dui quam ut lacus. Donec quis quam in ante condimentum blan erdit. Integer et urna. Vestibulum nisl. Ut ante est, imperdiet dignissim eleifend sit amet lacinia tempor justo. Nunc ornare atm nibh. Fusce ut felis.</p>\r\n<p>Donec ullamcorper nisi ac lectus. Proin at orci. Suspendisse nec orci nec elit convallis porttitor. Praesent sit amet turpis eu nisl faucibus pharetra. Sed eu felis. Etiam eleifend nisl nec lectus. Ut suscipit pede eu diam. Aenean vitae quam. Cras felis. Sed utdw nibh. Duis libero. Vivamus pharetra libero non facilisis imperdiet mi augue feugiat nisl.</p>', 12, 33, '44950', 59, '1', 1, 6, 6, 3, 1, 3, 3, '1524624961_qiDRFXzRDGUkAAISVQ2I-rD-QOhnmGUs.jpg', 4, 2, 1, 2, 1, 1, 1524624961, 0, 1),
(5, 'mercedes_benz_e200', 'Mercedes Benz E200', 'Brand New White Mercedes Benz Fully Loaded', 1, '1525610099_yjA5OOKCpp_twIYzYNnPJJ60mTEgGMKH.jpg', '<p>Vestibulum auctor lacinia nunc. Nunc ut turpis.Sed libero magna, fermentum viverra, egestas non, fermentum sed, elit. Aenean erat orci, mollis quis gravida sed, mollis a, quam. Integer fermentum neque egestas orci. Nunc posuere, felis sit amet faucibus convallis tortor enim viverra quam, hendrerit interdum dui quam ut lacus. Donec quis quam in ante condimentum blan erdit. Integer et urna. Vestibulum nisl. Ut ante est, imperdiet dignissim eleifend sit amet lacinia tempor justo. Nunc ornare atm nibh. Fusce ut felis.</p>\r\n<p>Donec ullamcorper nisi ac lectus. Proin at orci. Suspendisse nec orci nec elit convallis porttitor. Praesent sit amet turpis eu nisl faucibus pharetra. Sed eu felis. Etiam eleifend nisl nec lectus. Ut suscipit pede eu diam. Aenean vitae quam. Cras felis. Sed utdw nibh. Duis libero. Vivamus pharetra libero non facilisis imperdiet mi augue feugiat nisl.</p>', 9, 2, '45950', 59, '1', 1, 14, 2, 1, 1, 2, 2, '1525610099_Vdiv9qqKQtGI5dMfUtMgjCLQbkZEmtqb.jpg', 1, 2, 3, 1, 1, 2, 1525610099, 0, 1),
(7, 'bmw_4_series_', 'BMW 4 series ', 'bmw 4 series for sale', 1, '1525690794_rrXOxKufgmT38BCo5DldafDz5LubuuSB.jpg', '<p>asd</p>', 2, 5, '123', 59, '2', 1, 2, 3, 2, 1, 2, 1, '1525690794_a8O5_0aZRVUg1z1NJSIQMoZCRP0dJ3u3.jpg', 1, 2, 3, 1, 1, 1, 1525690794, 0, 1),
(8, 'bmw_4_series_epwfex1h_ozf8qoii9rixve0k9vobdjc', 'BMW 4 series ', 'BMW 4 series BMW 4 series BMW 4 series ', 1, '1525691136_50I2m-wUxNuOj56gbPScJ3DTuPgnCm0W.jpg', '<p>BMW 4 series BMW 4 series&nbsp;BMW 4 series&nbsp;BMW 4 series&nbsp;BMW 4 series&nbsp;BMW 4 series&nbsp;BMW 4 series&nbsp;</p>', 2, 5, '123', 59, '3', 1, 2, 2, 2, 2, 2, 2, '1525691136_JrbdkNxoUNjIjjZd8ctDhZCeaexuJVN7.jpg', 2, 2, 3, 1, 1, 1, 1525691136, 0, 1),
(9, 'شيفروليه_سيلفرادو_1500', 'شيفروليه سيلفرادو 1500', 'بكب فل مسكر للبيع', 1, '1524539431_L1FKpP19w0_KCrS7v0AoO1O5p43dPyWU.jpg', '<p>Vestibulum auctor lacinia nunc. Nunc ut turpis.Sed libero magna, fermentum viverra, egestas non, fermentum sed, elit. Aenean erat orci, mollis quis gravida sed, mollis a, quam. Integer fermentum neque egestas orci. Nunc posuere, felis sit amet faucibus convallis tortor enim viverra quam, hendrerit interdum dui quam ut lacus. Donec quis quam in ante condimentum blan erdit. Integer et urna. Vestibulum nisl. Ut ante est, imperdiet dignissim eleifend sit amet lacinia tempor justo. Nunc ornare atm nibh. Fusce ut felis.</p>\r\n<p>Donec ullamcorper nisi ac lectus. Proin at orci. Suspendisse nec orci nec elit convallis porttitor. Praesent sit amet turpis eu nisl faucibus pharetra. Sed eu felis. Etiam eleifend nisl nec lectus. Ut suscipit pede eu diam. Aenean vitae quam. Cras felis. Sed utdw nibh. Duis libero. Vivamus pharetra libero non facilisis imperdiet mi augue feugiat nisl.</p>', 1, 1, '29415', 59, '10,000 - 19,999', 2, 6, 2, 1, 1, 3, 3, '1524539431_tpq1-doxpjQbpVMH5W6zRQEGQr931TI_.jpg', 2, 2, 3, 1, 1, 1, 1524539431, 0, 2),
(10, 'asdasdasdwww', 'جي ام سي أكاديا 2018', 'أكاديا اسود جميع الأضافات للبيع', 1, '1525790999_XHe9nm5UL5eQ8KZuVQC1VTDZXRUNajD3.jpg', '<p>Vestibulum auctor lacinia nunc. Nunc ut turpis.Sed libero magna, fermentum viverra, egestas non, fermentum sed, elit. Aenean erat orci, mollis quis gravida sed, mollis a, quam. Integer fermentum neque egestas orci. Nunc posuere, felis sit amet faucibus convallis tortor enim viverra quam, hendrerit interdum dui quam ut lacus. Donec quis quam in ante condimentum blan erdit. Integer et urna. Vestibulum nisl. Ut ante est, imperdiet dignissim eleifend sit amet lacinia tempor justo. Nunc ornare atm nibh. Fusce ut felis.</p>\r\n<p>Donec ullamcorper nisi ac lectus. Proin at orci. Suspendisse nec orci nec elit convallis porttitor. Praesent sit amet turpis eu nisl faucibus pharetra. Sed eu felis. Etiam eleifend nisl nec lectus. Ut suscipit pede eu diam. Aenean vitae quam. Cras felis. Sed utdw nibh. Duis libero. Vivamus pharetra libero non facilisis imperdiet mi augue feugiat nisl.</p>', 4, 44, '59999', 59, '1', 1, 2, 1, 1, 1, 3, 2, '1525790999_B6jD1wINGBwONXwO-ybXzWGcgzpvnPNk.jpg', 3, 2, 3, 1, 1, 1, 1525790999, 0, 2),
(11, 'wewefgggg', 'جي ام سي أكاديا', 'أكاديا 2018 للبيع', 1, '1525791428_JVIwz4i9eewhO4Jw4azaYHKej9gTNjxA.jpg', '<p>Vestibulum auctor lacinia nunc. Nunc ut turpis.Sed libero magna, fermentum viverra, egestas non, fermentum sed, elit. Aenean erat orci, mollis quis gravida sed, mollis a, quam. Integer fermentum neque egestas orci. Nunc posuere, felis sit amet faucibus convallis tortor enim viverra quam, hendrerit interdum dui quam ut lacus. Donec quis quam in ante condimentum blan erdit. Integer et urna. Vestibulum nisl. Ut ante est, imperdiet dignissim eleifend sit amet lacinia tempor justo. Nunc ornare atm nibh. Fusce ut felis.</p>\r\n<p>Donec ullamcorper nisi ac lectus. Proin at orci. Suspendisse nec orci nec elit convallis porttitor. Praesent sit amet turpis eu nisl faucibus pharetra. Sed eu felis. Etiam eleifend nisl nec lectus. Ut suscipit pede eu diam. Aenean vitae quam. Cras felis. Sed utdw nibh. Duis libero. Vivamus pharetra libero non facilisis imperdiet mi augue feugiat nisl.</p>', 4, 44, '59999', 59, '1', 1, 2, 1, 1, 1, 3, 3, '1525791428_1nV9VrCDk-7BkHwu2o_QYJ8-VL7Yz7Oj.jpg', 3, 2, 3, 1, 1, 1, 1525791428, 0, 2),
(12, 'j_e_3j_cjoxbeqmt4x83jcv2kh7cj5jwshtrquuow', 'جي ام سي أكاديا', 'جمس للبيع', 1, '1525791746_DTZJGYRCaX8P19fEaTd-C6F899CZH1kv.jpg', '<p>Vestibulum auctor lacinia nunc. Nunc ut turpis.Sed libero magna, fermentum viverra, egestas non, fermentum sed, elit. Aenean erat orci, mollis quis gravida sed, mollis a, quam. Integer fermentum neque egestas orci. Nunc posuere, felis sit amet faucibus convallis tortor enim viverra quam, hendrerit interdum dui quam ut lacus. Donec quis quam in ante condimentum blan erdit. Integer et urna. Vestibulum nisl. Ut ante est, imperdiet dignissim eleifend sit amet lacinia tempor justo. Nunc ornare atm nibh. Fusce ut felis.</p>\r\n<p>Donec ullamcorper nisi ac lectus. Proin at orci. Suspendisse nec orci nec elit convallis porttitor. Praesent sit amet turpis eu nisl faucibus pharetra. Sed eu felis. Etiam eleifend nisl nec lectus. Ut suscipit pede eu diam. Aenean vitae quam. Cras felis. Sed utdw nibh. Duis libero. Vivamus pharetra libero non facilisis imperdiet mi augue feugiat nisl.</p>', 4, 44, '59999', 59, '1', 1, 2, 1, 1, 1, 3, 3, '1525791746_CCzg0IRKmHPVa8FA7_onyHkjNDxve6A_.jpg', 3, 2, 3, 1, 1, 1, 1525791746, 0, 2),
(13, 'bmw_4_seriesikcxfjg4w58oyhblvm0kb3ambm8ttebg', 'BMW 4 series', 'full', 1, '1525864404_pZev6msWI50I9dOjyCBOz5aUFJn3OtJF.jpg', '<p>test</p>', 2, 5, '2250', 59, '6', 2, 2, 1, 1, 2, 1, 2, '1525864404_1-4eJQ7nKVNv_ZKhHbFLuyJEqiBVvUJf.jpg', 1, 2, 3, 1, 1, 1, 1525864405, 0, 1),
(14, '3da1h_ddj9ck08atte5l8ulbvezbfdrfaaur9fme9g', 'سلفرادو للبيع', 'فل مسكر', 1, '1525893827_RFyTGhQEz_eqQ_S8NRhiwDITs7AmB7sg.jpg', '<p>شسيب</p>', 4, 45, '49999', 59, '3', 2, 2, 1, 1, 2, 3, 3, '1525893827_tFZ-yyGdzfl4akOTGbA3K3WYUQkDKyc4.jpg', 2, 2, 3, 1, 1, 1, 1525893827, 0, 2),
(15, 'hjh_smrzhj8vggnz_qigwe2po9k_jeufo5kc', 'تويوتا', 'كامري للبيع', 1, '1525894133_Ztfj_WwAKopucw6JOfvPUxVJsLVIPr_j.jpg', '<p>شسيبضصثقبضص</p>', 4, 45, '22000', 59, '7', 1, 2, 2, 3, 1, 3, 1, '1525894133_hAwf1XjFunnZr8YK8Ue8Wn_MhAokju-a.jpg', 1, 2, 3, 1, 1, 1, 1525894133, 0, 2),
(16, 'toyota_vtoe2kicsmvfin9gj7n97_y8dtzk7e7p', 'toyota', 'test', 1, '1525894251_7SY5xfgjXE2J-vbR49ccgabU2yMA48CP.jpg', '<p>asdfasdf</p>', 4, 45, '22', 59, '3', 2, 2, 5, 2, 1, 2, 1, '1525894251_JyJAXUENwbjakZ0vbItz7LxT1Lk9CaW0.jpg', 4, 2, 3, 1, 1, 1, 1525894251, 0, 2),
(17, 'asdf_di5k9ueigdl_nulcd885jrfqxjg2hgfu', 'asdf', 'asdfasdf', 1, '1525894431_VLi4lsMfVR89vWoRsjlztOBd7W8zIJCM.jpg', '<p>asdf</p>', 2, 5, '123', 59, '2', 1, 1, 1, 3, 1, 2, 1, '1525894431_vGgBE4dNTAVDZS9iVwGwDWro0h-TRKBn.jpg', 2, 2, 3, 1, 1, 1, 1525894431, 0, 1),
(144, 'asdf_vqmli93qthbug_ps_wsjlkpyy5vuj_10', 'asdf', 'asdf', 1, '123', 'asdf', 1, 1, '123', 1, '1', 1, 1, 1, 1, 1, 1, 1, 'asd', 1, 2, 1, 1, 3, 1, 1537353502, 0, 1),
(145, 'dodge_challenger_nrv_skcaajwvxq_ngxmgqkilfcidhrd4', 'Dodge Challenger', 'Dodge Challenger ', 1, '1537610421_tbcf6HXUQTbuYypTiZro8ChZ0D6-M49W.jpg', 'Empty Description', 17, 31, '19250', 2011, '9', 1, 2, 2, 1, 1, 2, 1, '1537610421_zAEqtJux_UvCTeUu67uGCsyNxE2v9Nw2.jpg', 4, 2, 3, 1, 1, 1, 1537610422, 0, 1),
(20, 'dodge_charger_2016_fvylh_9hzqaqzkgid5uyh9ic2kvhkagd', 'Dodge Charger 2016', 'White Charger Fully Loaded', 1, '1525907821_9liWiN4w5nqUfptwGLcCInygHV4uyjeB.jpg', '<p>Test</p>', 3, 30, '8650', 59, '6', 2, 14, 7, 3, 2, 3, 3, '1525907821_YRqpCSyWNmBcITKqd2sU3_u8iQUwkUPn.jpg', 1, 2, 3, 1, 2, 1, 1525907821, 0, 1),
(21, 'very_clean_bmw_6_series_f8j59xtmhzuzcbhnrdkan0qmaawjpkqg', 'Very Clean BMW 6 Series super charged 2017 fully loaded', 'Top clean bmw 2017', 1, '1526042850_012-7hGRBy7WCBHXNcohkbXV5VKgIdF4.jpg', '<p>asdf</p>', 2, 6, '2234', 59, '2', 2, 3, 2, 3, 2, 2, 2, '1526042851_WcaMewHQgX6XAvlSkB2OUYlYrRk7uima.jpg', 5, 2, 3, 1, 2, 1, 1526042851, 0, 1),
(22, 'toyota_camry_for_sale_z9zurk_t7rx5fofbi6gy3npzop_anhfm', 'Toyota camry for sale ', '2016 camery', 1, '1526043624_0ngMYngY8IAmzvFbd-kWJMWPK3OdWg9f.jpg', '<p>tasfsad</p>', 13, 18, '16800', 59, '7', 2, 2, 6, 2, 1, 1, 1, '1526043625_G0JKfsbRspYkUrtCzduJfSct6tveIsRH.jpg', 1, 2, 3, 1, 1, 1, 1526043625, 0, 1),
(23, 'toyota_preius_for_sale_v4262vndphwtxby3p6tkyosculvlzty', 'Toyota Preius for sale', '2018 very clean preius', 1, '1526044235_8fkYEmGe6phyNpK79TJW1SXpoL57IHoK.jpg', '<p>test</p>', 13, 16, '35000', 59, '2', 2, 6, 2, 1, 3, 1, 1, '1526044235_eO3Q1Rox-s9Sq3Yg8Ka-zKj9m-G4yfz5.jpg', 1, 2, 3, 1, 2, 1, 1526044236, 0, 1),
(24, 'ford_focus_2015_6tshjad9oy0ivhumj_qor_ufznrjn3i', 'Ford Focus 2015', 'grey blue ford focus for sale', 1, '1526075392_YzGWvIc5PLF_HFz-McrAgwoSfe3glgjm.jpg', '<p>Standar Edition</p>', 5, 46, '13400', 59, '4', 1, 6, 1, 2, 1, 1, 1, '1526075392_l6uQCiG5TiHpu2VFT95_3khMjWlYSVfn.jpg', 1, 2, 3, 1, 3, 1, 1526075393, 0, 1),
(28, 'ford_fusion_2017_o4prog_y8prtwadegl1jsjy_akz7rojp', 'Ford Fusion 2017', 'Very clean fusion Maroon', 1, '1526176912_sNcXk_KX-oKhsQQfrofEj5mDyZckXp6f.jpg', '<p>Vestibulum auctor lacinia nunc. Nunc ut turpis.Sed libero magna, fermentum viverra, egestas non, fermentum sed, elit. Aenean erat orci, mollis quis gravida sed, mollis a, quam. Integer fermentum neque egestas orci. Nunc posuere, felis sit amet faucibus convallis tortor enim viverra quam, hendrerit interdum dui quam ut lacus. Donec quis quam in ante condimentum blan erdit. Integer et urna. Vestibulum nisl. Ut ante est, imperdiet dignissim eleifend sit amet lacinia tempor justo. Nunc ornare atm nibh. Fusce ut felis.</p>\r\n<p>Donec ullamcorper nisi ac lectus. Proin at orci. Suspendisse nec orci nec elit convallis porttitor. Praesent sit amet turpis eu nisl faucibus pharetra. Sed eu felis. Etiam eleifend nisl nec lectus. Ut suscipit pede eu diam. Aenean vitae quam. Cras felis. Sed utdw nibh. Duis libero. Vivamus pharetra libero non facilisis imperdiet mi augue feugiat nisl.</p>', 4, 19, '22000', 59, '4', 2, 7, 2, 1, 1, 1, 1, '1526176912_MB2z88sbuZ5qMrtkaPAonxYgCdChYQ4J.jpg', 1, 2, 3, 1, 1, 1, 1526176913, 0, 1),
(26, 'ford_fusion_2017_b4p0duu2oodmgzh8xuhsmsyqpp_jjong', 'Ford Fusion 2017', 'Fusion Fully loaded 2017', 1, '1526174787_xKlCRHTiStFHpX0uCfvmO9si-Mjlw__V.jpg', '<p>test</p>', 5, 19, '22000', 59, '2', 2, 4, 2, 1, 3, 1, 1, '1526174788_afu74ALHOmvYFqvVgeTWXEXzIJwPY7wa.jpg', 1, 1, 3, 1, 1, 1, 1526174789, 0, 1),
(27, 'ford_fusion_bfjkq6xbivkw_mg60ylvck9dpvh7tax2', 'Ford Fusion', 'baby blue fusion 2017', 1, '1526175149_3CoO7RugDpEvemNMG05SbXMkmVp74FY5.jpg', '<p>test</p>', 5, 19, '23000', 59, '5', 2, 13, 1, 2, 3, 1, 1, '1526175149_oTnZXaPgpMy7fYmocq1OKQ39pe7yZMYb.jpg', 1, 2, 3, 1, 3, 1, 1526175151, 0, 1),
(29, 'dodge_charger_2015_snz0bhoan_fz8quflg190hgzjlbx9fzu', 'Dodge Charger 2015', 'White Charger for sale', 1, '1526204998_hlt2VTc6XvF-GpNtwqPh5oralczokqzu.jpg', '<p>Test</p>', 17, 30, '27350', 59, '7', 2, 14, 2, 1, 1, 2, 2, '1526204998_RzOktcKYmqW4cnOLslaudPKoYXmAsg4e.jpg', 1, 2, 3, 1, 1, 1, 1526204998, 0, 1),
(30, 'dodge_charger_2007_cbzrd3j8mrfqkc15hj_crjmcm_2_lbe_', 'Dodge Charger 2007', 'Charger for sale', 1, '1526206840_SmCi-Pd3sRxl17ouHcSM_BGUi35JT06x.jpg', '<p>test</p>', 17, 30, '11350', 59, '13', 2, 4, 2, 2, 1, 3, 2, '1526206840_T4Ss9PvsVpumdxbVSYabFewLE2kEZQEn.jpg', 1, 2, 3, 1, 1, 2, 1526206842, 0, 1),
(31, '43j43j_9crg1b9r7phu0gqcknsodrvmehwpdbaa', 'شسيشسي', 'شسيشسي', 1, '1526391241_WGhjT3aEM10aepL1-eAOmlPVlJn-Gtce.jpg', '<p>شسيشسي</p>', 4, 45, '123213', 59, '2', 2, 1, 1, 1, 1, 1, 1, '1526391241_TNKmJDlRyeV1eNf5Y6hhSBNMm6pcKhVJ.jpg', 3, 2, 3, 1, 3, 1, 1526391241, 0, 2),
(32, 'convertible_bmw_2017_ax26g9etm3jsthqhskg38tlovjbb8ykp', 'Convertible BMW 2017', '4 series BMW Hard Top', 1, '1526402207_EXhvdGnBz9YHT49H4tCmi6Cmpeq_Qbsp.jpg', '<p>The full review of the 2016 Nissan Maxima is coming soon. In the meantime, you can see pictures, research prices or view and\r\n                                    compare specs for the 2016 Nissan Maxima. If you‚considering the 2014 Nissan Maxima, you can read our review.</p>\r\n                                <p>Vestibulum auctor lacinia nunc. Nunc ut turpis.Sed libero magna, fermentum viverra, egestas non, fermentum sed, elit. Aenean\r\n                                    erat orci, mollis quis gravida sed, mollis a, quam. Integer fermentum neque egestas orci. Nunc posuere, felis sit amet faucibus\r\n                                    convallis tortor enim viverra quam, hendrerit interdum dui quam ut lacus. Donec quis quam in ante condimentum blan erdit.\r\n                                    Integer et urna. Vestibulum nisl. Ut ante est, imperdiet dignissim eleifend sit amet lacinia tempor justo. Nunc ornare atm nibh.\r\n                                    Fusce ut felis. </p>\r\n                                <p>Donec ullamcorper nisi ac lectus. Proin at orci. Suspendisse nec orci nec elit convallis porttitor. Praesent sit amet turpis eu nisl\r\n                                    faucibus pharetra. Sed eu felis. Etiam eleifend nisl nec lectus. Ut suscipit pede eu diam. Aenean vitae quam. Cras felis. Sed utdw\r\n                                    nibh. Duis libero. Vivamus pharetra libero non facilisis imperdiet mi augue feugiat nisl.</p>', 2, 5, '32750', 59, '3', 2, 3, 2, 1, 2, 2, 2, '1526402207_SahZ-SDoRUhkjWWKYYOu85L9MPleSdpB.jpg', 5, 2, 3, 1, 2, 1, 1526402208, 0, 1),
(33, 'j_e_djh_c4a_wahycrfo_1zajlezwo1hwxlchgf1mtcr', 'بي ام دبليو كشف', 'الفئة 4 زرقاء', 1, '1526402728_KN3hKBeiMVTeO5awN8ERvDbdRRShBqjc.jpg', '<p>شسيب</p>', 2, 47, '32750', 59, '3', 2, 3, 2, 1, 2, 2, 2, '1526402728_rMxQP05IbAEOpHEDVwwCDDaopYFDGzzQ.jpg', 5, 2, 3, 1, 2, 1, 1526402729, 0, 2),
(34, 'charger_qjh9warpog7tj6_1tbkcan4iw53d1c_f', 'Charger', 'Test', 1, '1526410624_z_wAhCViAXgZS0Z2c2ovSCKzZ57lyOHh.jpg', '<p>test</p>', 17, 30, '22', 59, '2', 1, 1, 1, 1, 1, 1, 1, '1526410625_DppBXPjQ_Wc_hX3RWjQduxfBHzzJAXso.jpg', 1, 2, 3, 1, 1, 1, 1526410626, 0, 1),
(40, 'bmw_6_series_2017_for_sale_20ozuc3i94mze8g8awbmdwzzs15qhqjw', 'BMW 6 series 2017 for sale', 'Blue 6 series fully loaded', 1, '1527148050_tdUYNXoSjwWoBqlq6ascb6AMfzdKfN2Y.jpg', '<p>The full review of the 2016 Nissan Maxima is coming soon. In the meantime, you can see pictures, research prices or view and compare specs for the 2016 Nissan Maxima. If you&sbquo;considering the 2014 Nissan Maxima, you can read our review.</p>\r\n<div id=\"more_description\">\r\n<p>Vestibulum auctor lacinia nunc. Nunc ut turpis.Sed libero magna, fermentum viverra, egestas non, fermentum sed, elit. Aenean erat orci, mollis quis gravida sed, mollis a, quam. Integer fermentum neque egestas orci. Nunc posuere, felis sit amet faucibus convallis tortor enim viverra quam, hendrerit interdum dui quam ut lacus. Donec quis quam in ante condimentum blan erdit. Integer et urna. Vestibulum nisl. Ut ante est, imperdiet dignissim eleifend sit amet lacinia tempor justo. Nunc ornare atm nibh. Fusce ut felis.</p>\r\n<p>Donec ullamcorper nisi ac lectus. Proin at orci. Suspendisse nec orci nec elit convallis porttitor. Praesent sit amet turpis eu nisl faucibus pharetra. Sed eu felis. Etiam eleifend nisl nec lectus. Ut suscipit pede eu diam. Aenean vitae quam. Cras felis. Sed utdw nibh. Duis libero. Vivamus pharetra libero non facilisis imperdiet mi augue feugiat nisl.</p>\r\n</div>', 2, 6, '48750', 59, '2', 2, 3, 2, 1, 1, 2, 2, '1527148050_KfJvb6qajrRKS8cyYELtWG_iOgPllelS.jpg', 5, 2, 3, 1, 3, 1, 1527389732, 0, 1),
(35, 'ford_f_150_black_2012_fzv2reaew7tjgdkjkw4r6tz0p9kcni_o', 'Ford F-150 Black 2012', 'Fully loaded F150 American Truck', 1, '1527389730_THqUepA1a_ukBjK6DfD_X7i4lwPvgZYK.jpg', '<p>The full review of the 2016 Nissan Maxima is coming soon. In the meantime, you can see pictures, research prices or view and compare specs for the 2016 Nissan Maxima. If you&sbquo;considering the 2014 Nissan Maxima, you can read our review.</p> <div id=\"more_description\"> <p>Vestibulum auctor lacinia nunc. Nunc ut turpis.Sed libero magna, fermentum viverra, egestas non, fermentum sed, elit. Aenean erat orci, mollis quis gravida sed, mollis a, quam. Integer fermentum neque egestas orci. Nunc posuere, felis sit amet faucibus convallis tortor enim viverra quam, hendrerit interdum dui quam ut lacus. Donec quis quam in ante condimentum blan erdit. Integer et urna. Vestibulum nisl. Ut ante est, imperdiet dignissim eleifend sit amet lacinia tempor justo. Nunc ornare atm nibh. Fusce ut felis.</p> <p>Donec ullamcorper nisi ac lectus. Proin at orci. Suspendisse nec orci nec elit convallis porttitor. Praesent sit amet turpis eu nisl faucibus pharetra. Sed eu felis. Etiam eleifend nisl nec lectus. Ut suscipit pede eu diam. Aenean vitae quam. Cras felis. Sed utdw nibh. Duis libero. Vivamus pharetra libero non facilisis imperdiet mi augue feugiat nisl.</p> </div>', 4, 49, '19500', 59, '22', 2, 2, 1, 1, 1, 3, 3, '1527389730_2RCkm_xpLs11bA8xEn1IXdxZA7bU4gKY.jpg', 2, 2, 3, 1, 1, 1, 1527389732, 0, 1),
(39, 'ford_f150_2012_nhpt7_vaior6yv5qjqug2mib_yvuqfe4', 'Ford F150 2012', 'Black F150 American Truck', 1, '1527389598_aHkGy3cPfBK7PBlkX0grabS8earbALLv.jpg', '<p>The full review of the 2016 Nissan Maxima is coming soon. In the meantime, you can see pictures, research prices or view and compare specs for the 2016 Nissan Maxima. If you&sbquo;considering the 2014 Nissan Maxima, you can read our review.</p> <div id=\"more_description\"> <p>Vestibulum auctor lacinia nunc. Nunc ut turpis.Sed libero magna, fermentum viverra, egestas non, fermentum sed, elit. Aenean erat orci, mollis quis gravida sed, mollis a, quam. Integer fermentum neque egestas orci. Nunc posuere, felis sit amet faucibus convallis tortor enim viverra quam, hendrerit interdum dui quam ut lacus. Donec quis quam in ante condimentum blan erdit. Integer et urna. Vestibulum nisl. Ut ante est, imperdiet dignissim eleifend sit amet lacinia tempor justo. Nunc ornare atm nibh. Fusce ut felis.</p> <p>Donec ullamcorper nisi ac lectus. Proin at orci. Suspendisse nec orci nec elit convallis porttitor. Praesent sit amet turpis eu nisl faucibus pharetra. Sed eu felis. Etiam eleifend nisl nec lectus. Ut suscipit pede eu diam. Aenean vitae quam. Cras felis. Sed utdw nibh. Duis libero. Vivamus pharetra libero non facilisis imperdiet mi augue feugiat nisl.</p> </div>', 4, 49, '19500', 59, '22', 2, 2, 1, 1, 1, 3, 3, '1527389598_ij4LCUC98i4pJVAOyhMTVQjhDSS3RVpX.jpg', 2, 2, 3, 1, 2, 1, 1527389600, 0, 1),
(41, 'ford_f_150_black_2012_drkms5byxjxbclwzpy0zyxtkuyzejsn4', 'Ford F-150 Black 2012', 'American Truck Fully loaded ', 1, '1527389875_TTGMpcEKYIZvPyFymSA3RjICNKbXPJg2.jpg', '<p>The full review of the 2016 Nissan Maxima is coming soon. In the meantime, you can see pictures, research prices or view and compare specs for the 2016 Nissan Maxima. If you&sbquo;considering the 2014 Nissan Maxima, you can read our review.</p> <div id=\"more_description\"> <p>Vestibulum auctor lacinia nunc. Nunc ut turpis.Sed libero magna, fermentum viverra, egestas non, fermentum sed, elit. Aenean erat orci, mollis quis gravida sed, mollis a, quam. Integer fermentum neque egestas orci. Nunc posuere, felis sit amet faucibus convallis tortor enim viverra quam, hendrerit interdum dui quam ut lacus. Donec quis quam in ante condimentum blan erdit. Integer et urna. Vestibulum nisl. Ut ante est, imperdiet dignissim eleifend sit amet lacinia tempor justo. Nunc ornare atm nibh. Fusce ut felis.</p> <p>Donec ullamcorper nisi ac lectus. Proin at orci. Suspendisse nec orci nec elit convallis porttitor. Praesent sit amet turpis eu nisl faucibus pharetra. Sed eu felis. Etiam eleifend nisl nec lectus. Ut suscipit pede eu diam. Aenean vitae quam. Cras felis. Sed utdw nibh. Duis libero. Vivamus pharetra libero non facilisis imperdiet mi augue feugiat nisl.</p> </div>', 4, 49, '19500', 59, '22', 2, 2, 2, 3, 1, 3, 3, '1527389875_NnbeoUxoyYBUO9RbkG1nb1FHYK9yHqxW.jpg', 2, 2, 3, 1, 3, 1, 1527389877, 0, 1),
(142, 'ford_fusion_2017_automatic_wehpzf2yckq9xhzo5g6zt7kamvgbg712', 'Ford Fusion 2017 - Automatic', 'Silver fusion Sport', 1, '1528468813_iIoKranZAVljDM-GYV7wiD3c0LwiRIC5.jpg', '', 4, 19, '8500', 59, '3', 2, 12, 2, 1, 1, 1, 1, '1528468814_o_aAJAlKgWYoKIvVH7GBOJmKwxo9gOKx.jpg', 1, 2, 3, 1, 3, 1, 1528468815, 0, 1),
(143, 'dodge_durango_hcw_ehf8zhgxody49ff1cxzzxdrxkbne', 'dodge durango', 'automatic silver 2011', 7, '1529648270_8G3Tdrq2_cwW75oEeyqSNh0YZ08w7TLS.jpg', '', 17, 50, '29000', 59, '6', 2, 12, 2, 1, 1, 3, 3, '1529648270_uU9uYkXLYzgbIV2aUNNJeJ2mahEcY4WO.jpg', 3, 2, 3, 1, 1, 1, 1529648272, 0, 1);

-- --------------------------------------------------------

--
-- Table structure for table `cars_features_category`
--

DROP TABLE IF EXISTS `cars_features_category`;
CREATE TABLE IF NOT EXISTS `cars_features_category` (
  `id` int(25) NOT NULL AUTO_INCREMENT,
  `cat_id` int(25) NOT NULL,
  `name` varchar(255) CHARACTER SET utf8 NOT NULL,
  `lang_id` int(11) NOT NULL,
  PRIMARY KEY (`id`)
) ENGINE=MyISAM AUTO_INCREMENT=61 DEFAULT CHARSET=latin1;

--
-- Dumping data for table `cars_features_category`
--

INSERT INTO `cars_features_category` (`id`, `cat_id`, `name`, `lang_id`) VALUES
(1, 1, 'Petrol', 1),
(2, 1, 'Diesel', 1),
(3, 1, 'Electric', 1),
(4, 1, 'Hybrid(petrol/electric)', 1),
(5, 1, 'Hybrid(deiesel/electric)', 1),
(6, 2, 'Ambient lightning', 1),
(7, 2, 'Arm rest', 1),
(8, 2, 'Bluetooth', 1),
(9, 2, 'CD player', 1),
(10, 2, 'Central locking', 1),
(11, 2, 'Electric backseat adjustment', 1),
(12, 2, 'Electric heated rear seat', 1),
(13, 2, 'Electric heated seat', 1),
(14, 2, 'Electric seat adjustment', 1),
(15, 2, 'Electric side mirror', 1),
(16, 2, 'Electric windows', 1),
(17, 2, 'Head-up display', 1),
(18, 2, 'Heated steering wheel', 1),
(19, 2, 'Heated windshield', 1),
(20, 2, 'Introduction charging for smartphone', 1),
(21, 2, 'Leather steering wheel', 1),
(22, 2, 'Massage seats', 1),
(23, 2, 'Multifunction steering wheel', 1),
(24, 2, 'Navigation system', 1),
(25, 2, 'On-board computer', 1),
(26, 2, 'Paddle shifters ', 1),
(27, 2, 'Power assisted steering', 1),
(28, 2, 'Rain sensor', 1),
(29, 2, 'Seat ventilation', 1),
(30, 3, 'ABS', 1),
(31, 3, 'Alarm System', 1),
(32, 3, 'Auto dimming interior mirror', 1),
(33, 3, 'Blind spot assist', 1),
(34, 3, 'Distance warning syste', 1),
(35, 3, 'Emergency brake assist', 1),
(36, 3, 'ESP', 1),
(37, 3, 'Fog lamp', 1),
(38, 3, 'Headlight washer system', 1),
(39, 3, 'High beam assist', 1),
(40, 3, 'Keyless central locking', 1),
(41, 3, 'Lance change assist', 1),
(42, 3, 'Light sensor', 1),
(43, 3, 'Night vision assist', 1),
(44, 3, 'Traction control', 1),
(45, 3, 'Tyre pressure monitoring', 1),
(46, 4, 'Xenon headlights', 1),
(47, 4, 'LED headlights', 1),
(48, 4, 'Laser headlights', 1),
(49, 5, 'Rear', 1),
(50, 5, 'Front', 1),
(51, 5, 'Camera', 1),
(52, 5, '360° camera', 1),
(53, 5, 'Self steering system', 1),
(54, 6, 'Alloy wheels', 1),
(55, 6, 'Spare tyre', 1),
(56, 6, 'Panoramic roof', 1),
(57, 6, 'Roof rack', 1),
(58, 7, 'Full leather', 1),
(59, 7, 'Part leather', 1),
(60, 7, 'Cloth', 1);

-- --------------------------------------------------------

--
-- Table structure for table `cars_features_main_category`
--

DROP TABLE IF EXISTS `cars_features_main_category`;
CREATE TABLE IF NOT EXISTS `cars_features_main_category` (
  `id` int(25) NOT NULL AUTO_INCREMENT,
  `name` varchar(255) CHARACTER SET utf8 NOT NULL,
  `lang_id` int(25) NOT NULL DEFAULT '1',
  PRIMARY KEY (`id`)
) ENGINE=MyISAM AUTO_INCREMENT=8 DEFAULT CHARSET=latin1;

--
-- Dumping data for table `cars_features_main_category`
--

INSERT INTO `cars_features_main_category` (`id`, `name`, `lang_id`) VALUES
(1, 'Fuel Type', 1),
(2, 'Interior Features', 1),
(3, 'Security', 1),
(4, 'Head lights type', 1),
(5, 'Parking sensors', 1),
(6, 'Extras', 1),
(7, 'Interior material', 1);

-- --------------------------------------------------------

--
-- Table structure for table `cars_images`
--

DROP TABLE IF EXISTS `cars_images`;
CREATE TABLE IF NOT EXISTS `cars_images` (
  `id` int(25) NOT NULL AUTO_INCREMENT,
  `car_id` int(25) NOT NULL,
  `images` varchar(255) CHARACTER SET utf8 NOT NULL,
  PRIMARY KEY (`id`)
) ENGINE=MyISAM AUTO_INCREMENT=196 DEFAULT CHARSET=latin1;

--
-- Dumping data for table `cars_images`
--

INSERT INTO `cars_images` (`id`, `car_id`, `images`) VALUES
(1, 13, '1525864404_iASzHZ6aVCzid-gT4JUlsxWS5PpnJx4i.jpg'),
(2, 13, '1525864405_NV4Em977Co94E-KfHnymBd6fa8VuJoRE.jpg'),
(3, 13, '1525864405_RYW5LBIP0x54_Mtd0iKG77Ai0KWYbvjk.jpg'),
(4, 13, '1525864405_X86hSzSHd34U1aQKRwSd1sflWBEWv4fI.jpg'),
(5, 17, '1525894431_TIT2Osb_RVz_dodcnN7QxaAH78u4AOCE.jpg'),
(6, 17, '1525894431_plzFWr-hobQzKUyTh-EmT8xyYgJ0RGnk.jpg'),
(7, 17, '1525894431_PqNon-8WSUUDGvpHQptKkYo6Qxzho60R.jpg'),
(8, 17, '1525894431_WffT8ywQ8DikOTYfgcmD9H6RA21PMhkQ.jpg'),
(9, 17, '1525894431_6aPHSfs-bD8sCtzTfWMa7raWW-Iwbwny.jpg'),
(10, 19, '1525899685_xLRa8DJtowzrfqGb_9LaTXV3XXEgquBm.jpg'),
(11, 19, '1525899685_VHxG7kT9LaW1YR9HeUKI9-lzySyIR0N0.jpg'),
(12, 19, '1525899685_FmMX7XS_BGQdH76E2sslFYd8ALvIDxxa.jpg'),
(13, 19, '1525899686_0EEoZcOctNvJmjVNEDTaMh9qaS3AEZzT.jpg'),
(14, 19, '1525899686_Xr7SmLZLjGK4UBwF3m-eud9ZQI-m1MoI.jpg'),
(15, 19, '1525899686_bxnM4hEVm7azdmxS6NA2Qpl3dCla-Y4Z.jpg'),
(16, 19, '1525899686_1D41O4-mWz8gz4dveGEW8z6aaaiCOc2N.png'),
(17, 20, '1525907583_qh79faP8NoT6EvS49QQwfO3pr_mA_xhO.jpg'),
(18, 20, '1525907583_JJavTwT3ozgc_O-pZ7vcUQBXUqpF8eRF.jpg'),
(19, 20, '1525907583_SA78LSNn68w7SkS8z0dEbIUXX81JrWJt.jpg'),
(20, 20, '1525907821_ymchcggHECJefMPY6wapAq_kx2Tf74Yg.jpg'),
(21, 20, '1525907821_NEGE1pvo9EpNsUuuLPku5edLLfrsKzgH.jpg'),
(22, 20, '1525907821_qPE7vD0jKJAYCCOeuOzCCatJk__SOqQp.jpg'),
(23, 21, '1526042851_H1wJug0k5UmrYONkCYTs8-695CAq9uFQ.jpg'),
(24, 21, '1526042851_tG4SnCmqdoo7Iqak4STi9Qmw2f1lFLOE.jpg'),
(25, 21, '1526042851_ghLgSreZyQpsZStC_fAKlrE4J6yz2V4l.jpg'),
(26, 21, '1526042851_TrZZsgRsTvXLbt1iEAX2FJzz0kH0a9nj.jpg'),
(27, 21, '1526042851_9XKApBaeAJkbHwDs6GClfBZYpbDFmTKT.jpg'),
(28, 22, '1526043625_1MoZA6ft3S9tE9n6I-TzihsaZbygN9-H.jpg'),
(29, 22, '1526043625_7hoVzsBEg-r27u5TGxERLXUWwFOFnTWt.jpg'),
(30, 22, '1526043625_RgO2maHZBSRZa4s6Wrk6Q71in5RPR8R3.jpg'),
(31, 22, '1526043625_RbSbivKSVmbwR-HDEImw6Cf9fvX4D_On.jpg'),
(32, 23, '1526044235_wFcttpquZbsdc-uZz51kljdmtZ2uXp0g.jpg'),
(33, 23, '1526044236_9Y1_qUmydVb9MxVPWV1KS0TYTqqut_aN.jpg'),
(34, 23, '1526044236_zYhIHfm6lTrwsSx8tCGVd6X63-Pj60Fw.jpg'),
(35, 24, '1526075392_GpDslBOku-D-WMoLIS1FuPoBgw0KxxM3.jpg'),
(36, 24, '1526075393_l-jlBW3eHyYWXKrnDWA9oNH6R93gJ-_3.jpg'),
(37, 24, '1526075393_n3hT9ywqBYONtusy1YBXRIKv1fNtUA6y.jpg'),
(38, 24, '1526075393_It4ub4wUr3IudWSCjCFQv6BqAqHkmZJ1.jpg'),
(39, 25, '1526077126_BKzaXPFupbaJYE_YUJCbGuq4T2yGlEAH.jpg'),
(40, 25, '1526077126_P1gbf2dnYMcAVwVguWgkkFBNGqUh4YqV.jpg'),
(41, 25, '1526077126_V3iSQe5r8IEuWy5xWclxrK9IST1ww6YI.jpg'),
(42, 25, '1526077126_fU8fmjtb_cWUnzItZt3965sNS1JHPnOh.jpg'),
(43, 26, '1526174788_v5XRZQ-4Ddq322AZjgAhwyvT_SyUqsiK.jpg'),
(44, 26, '1526174788_q6JVj8HNlcAxdhnK-RZTfcapEGK7lk2v.jpg'),
(45, 26, '1526174788_YVVF2ipwL8m2OkwpYmmWmlkHNhYcAarc.jpg'),
(46, 26, '1526174788_Hh_5nMcsSwIupjrDfNnAD5dOMpyq44jL.jpg'),
(47, 27, '1526175149_vboUPbiQCwgqrRbllcFLetameWEBXK4y.jpg'),
(48, 27, '1526175150_im4KePzZ3Ys1-DHeQyQnVj3fCSI6orwp.jpg'),
(49, 27, '1526175150_DTNUZHnoDgAaQRuYIgt9xjlVm0rM9Anc.jpg'),
(50, 27, '1526175150_ncqJTBtTf52Tvw6gBsAR8SFk2ebUngfz.jpg'),
(51, 27, '1526175150_bhUpOqh0RJ__wHZm7QHuYhOOtTqXBvfy.jpg'),
(52, 27, '1526175151_uU7heVOnpEH9q0alTpV_uUAN2NcfVHdj.jpg'),
(53, 27, '1526175151_IN0fIX4BMF3I9Ubf50TslCjz1WokwIUc.jpg'),
(54, 28, '1526176912_groPJkjQSKQGjqSGJE9brFx8ABY_xzaf.jpg'),
(55, 28, '1526176912__jWeLo6aZMxsMI6Ye-KZeTQt2XGPd7C1.jpg'),
(56, 28, '1526176913_N1uuNMMEfl3QXNEfRCjX4ALyJaVixWre.jpg'),
(57, 28, '1526176913_wD7whdn4iv0RwVc0aIQpRxD5z3D_r1p7.jpg'),
(58, 29, '1526204998_MyenxcySCUOvtj38iZyfpawr6jXXQJw0.jpg'),
(59, 29, '1526204998_JQ9vpDHYuKmOlj3UBtAL8arwJpm3rQow.jpg'),
(60, 29, '1526204998_ruTxFLWOpoqn5DoXHZutaNrvUTdjXDzV.jpg'),
(61, 29, '1526204998_0NQRdyJETzzFyyAhUVHI0b_SKfS_MFyL.jpg'),
(62, 30, '1526206840_UwjnlfeT7CPXiOQXrvQJPfKL0rM0b0QL.jpg'),
(63, 30, '1526206841_-q5NkmX5FJt7RmJN-bf6UNdBAhs8vJRH.jpg'),
(64, 30, '1526206841_2qYBTVPsybwOWpf96660KZmVuI5OcopN.jpg'),
(65, 30, '1526206841_H7FyjN7EwiKZ_DGQfE-9iA35FP9HYfaR.jpg'),
(66, 30, '1526206841__bhFu-DDa-W1UHVAosYlbpnejKrIpd_3.jpg'),
(67, 30, '1526206841_bVuRyPp4vrhWT9IxIoZ7ADWDyGn1RKUZ.jpg'),
(68, 30, '1526206842_gM5WPXZ8Yrl3HuVe7K9Ofpu2Vq3Tvqvu.jpg'),
(69, 30, '1526206842_4YPkaNoBuz_iP5HzZQ0UYmTqD0F0nKeE.jpg'),
(70, 32, '1526402207_ufQbhsCyvajTCMu0-dayt7VL4XUR4fv7.jpg'),
(71, 32, '1526402207_Wf6tTYRBGOfB4jiulhj6YLBFPbSUxy3o.jpg'),
(72, 32, '1526402208_uYeiwak0LhN1qVKyPIQWtkG-IFGBEmSg.jpg'),
(73, 32, '1526402208_2ALXjyvwe2wFdf0ZCAbVbeUe7pEX3afY.jpg'),
(74, 33, '1526402728_hGwTciRo1WpndMnqAmDVTslbfKzV0G19.jpg'),
(75, 33, '1526402728_p_1Re_JZVjhoJiNYv98k5VW8ta0bk1z0.jpg'),
(76, 33, '1526402728_UGVLO4Qo9qebZ7jKb-OKGTgyNipseRDJ.jpg'),
(77, 33, '1526402729_XVwUEY8QkiaonMietdIU7hsMU-k7nBkT.jpg'),
(78, 33, '1526402729__A8pOTA_XHVoxwE0qbgOM3tKONfFy6J_.jpg'),
(79, 34, '1526410625_g118Cg-seV6LRM4ZOPabvqopMs4gx0YA.jpg'),
(80, 34, '1526410625_CDsMjQi_2cCsGzJCYTB2DdTFoKP7n0zk.jpg'),
(81, 34, '1526410625_m1BkY6eITRc6n4b0jxv5Lt-XVT-21rTw.jpg'),
(82, 34, '1526410625_8nT5f9anHWCYcVwOOOfkXCoTon0l7k3M.jpg'),
(83, 34, '1526410625_70MKEXjrNJI8OG7ZR5jR00iaPTPyxlk4.jpg'),
(84, 34, '1526410626_Bnl06QjsNOdmc4gzeJ2Vauak8wgu6GCX.jpg'),
(85, 34, '1526410626_fZIK2XLAQYsqjJSTGt-qB4ab3QlTNJZL.jpg'),
(86, 34, '1526410626_zFyQOIY0tqpxwOyfl-vlsrlE54UGaVkP.jpg'),
(87, 35, '1527148050_VQqQ0qyE4GTB87XVSenJKac2ddfVfUmq.jpg'),
(88, 35, '1527148050_g3owHAA0xvV2YMMQ3qiYMS_brImC7uf7.jpg'),
(89, 35, '1527148050_YlnERengZxP2ohqLWwEpQvh9uCmpkCnt.jpg'),
(90, 36, '1527387945_bBqqg0yxChc4p1b2wuE_93swiLAuv6Hj.jpg'),
(91, 36, '1527387945_K93X20IEpYdREF9jXowkmJ_kVh5lFGXe.jpg'),
(92, 36, '1527387945_f2NHqrdZhve67NGCk2BbIdvzVfLlDDAF.jpg'),
(93, 36, '1527387946_XCmH13CzxoD9e2jYxN1LI8ZSuWlq_LEm.jpg'),
(94, 36, '1527387946_2UCBIGOivvG5mhWAxOizuuEKtDZ_m2BB.jpg'),
(95, 36, '1527387946_EK-lf1CqwMFuWZNulPPkpgRRuUARaHLL.jpg'),
(96, 36, '1527387946_o11wVk5Z5bT_aWedri7kV_HEtxH1pEsh.jpg'),
(97, 36, '1527387946_uZMus7n3qvfWy0NFLbJfotK5M3L4RBjA.jpg'),
(98, 36, '1527387947_ZESZeAEQWypoh2F2AEnY-VSIjOPAyIcN.jpg'),
(99, 36, '1527387947_fsMc8nM4cxWZAnaWQm4g3X1hDk2xRkbI.jpg'),
(100, 37, '1527388869_OLlOTc3Tdmt0eaONKkBa3YCg2InavVuZ.jpg'),
(101, 37, '1527388870_-xqbv3googBHKj5xctFJXjVTyzmZk1gr.jpg'),
(102, 37, '1527388870_clU0DHVdLhT9QNbQerdnE7VnsMrXW871.jpg'),
(103, 37, '1527388870_Hch2rtiNgMfYaKdWlvCxtpcC5IPnpOcG.jpg'),
(104, 37, '1527388870_mJxegvkleWPuoK-4tmm90BYsxq7ksOaX.jpg'),
(105, 37, '1527388870_CzXkuf-wbGUOthBhonvaTHPPXvA5QHsi.jpg'),
(106, 37, '1527388870_jP3Rz6DYgtE10HuOQxUaRwrBIuaXGb1j.jpg'),
(107, 37, '1527388871_w7bub5L0vRWvD06VftU6v0vfaj2alIV0.jpg'),
(108, 37, '1527388871_KNF2aLG1mTzUjIwGttDsCTwV2czc8ryd.jpg'),
(109, 37, '1527388871_VUCAwEdLEjgK0k8kUXcR4NErZgI7TblX.jpg'),
(110, 36, '1527389121_3z9BOo-byeXW98I0JtUhy3EmE8_h-dlH.jpg'),
(111, 36, '1527389121_0sN0E2DGqo11_95C58KW7bv72G57s64d.jpg'),
(112, 36, '1527389121_n-Ro9euYAWtJ7ptAn58vgZktRkIuch0_.jpg'),
(113, 36, '1527389121__TRPgpELftVw1XOdozgu2V6YtzjqAZ7l.jpg'),
(114, 36, '1527389122_CrzVV1SYvRyDnICvaPfZLnxGJUOMkvv9.jpg'),
(115, 36, '1527389122_ErdQRTpfzvehgWsWG2rHOJ4hYCQd6X5Q.jpg'),
(116, 36, '1527389122_o-WhTN9fF3TGFeI8ktu9xCw-PEPnISxt.jpg'),
(117, 36, '1527389122_5mEpFxsZBautVW33gzOcGN4XmBB6GJY7.jpg'),
(118, 36, '1527389122_ALXb_MP5JJqe-6ppSM9XwShoiN0w_CC1.jpg'),
(119, 36, '1527389123_GJRwUvicSoeIAjcjhM6UOwKt2Go5qRJZ.jpg'),
(120, 36, '1527389598_X0Gb00MFMFdNs5-KfZtPZD7-g0rjVweZ.jpg'),
(121, 36, '1527389598_FSvRQJasx9HNKfldle0SEO5J3VpFec5C.jpg'),
(122, 36, '1527389598_Z_4Qw0HkG8bkzlJWV0eFtrq8GlQL5-G-.jpg'),
(123, 36, '1527389599_h2A52VOuOsQezO7Xm1ek6k55uDwSpWjE.jpg'),
(124, 36, '1527389599_RFcBL3bvlwVDNykcnO95b9WZFQ7vWM1A.jpg'),
(125, 36, '1527389599_D73c7s79yz07vTXhYXcmEBDjN-Gg65-M.jpg'),
(126, 36, '1527389599_cVgf2NkfT-PEXSgj-GYvGt7JCC-zGcyQ.jpg'),
(127, 36, '1527389599_KYpixYE3VilYrGWjJhf1oBxw-y61TY-b.jpg'),
(128, 36, '1527389600_kHKvmz6zAuvbdWBrzyDcCS0gIWnW3GCi.jpg'),
(129, 36, '1527389600_RNQa-2ljIVks1W7AaHgXBwtRwojvcv6y.jpg'),
(130, 40, '1527389730_78ojkVRI_GMAqZjCjbMlCa04cJxTUTU4.jpg'),
(131, 40, '1527389731_rRAyJZ7yHZs08yz7ZXNKekM_A9VkuWp2.jpg'),
(132, 40, '1527389731_VZdeHAI6zCN3E397uJJCwmWMZb69P1DP.jpg'),
(133, 40, '1527389731_VaeqbLNGo4pDbmb6QqSeNfZsNE_V1cJj.jpg'),
(134, 40, '1527389731_KQIL1txteimRQafCVRdBqXwh_6JlhoDn.jpg'),
(135, 40, '1527389731_IlHeFaFaEzsiVulKcD01UJI8ozKtkwWU.jpg'),
(136, 40, '1527389731_7vcJKJNu5HMCsXolRWjT5R0Exu027u2z.jpg'),
(137, 40, '1527389732_lujlakDj8QaOYKevXOTxNW-0eXw3gkNH.jpg'),
(138, 40, '1527389732_zz0gNB1tE468AfVNXNVwkvVjIUPJOcqw.jpg'),
(139, 40, '1527389732_Xyqlev1GwizYNvv8mBbLp4CE-yt8IqCm.jpg'),
(140, 41, '1527389875_vCuZhtzoO6z3jRP-8tz0QmKdK914raRj.jpg'),
(141, 41, '1527389875_IsM4b0eiY4iQHbTPdkF0pWJIt-h5PZas.jpg'),
(142, 41, '1527389875_84rL9_XO-FrUpztVNYG-Tq0dkA4zmmrt.jpg'),
(143, 41, '1527389876_j3mTzh5GnHgqXTRXgJxzbiG6NHrcQvty.jpg'),
(144, 41, '1527389876_4D4HWo2EM3dOJGjsws_lJcuA3LAoKoSd.jpg'),
(145, 41, '1527389876_lxXenzabie8LokZj_bjx9t35RztO_oFw.jpg'),
(146, 41, '1527389876_fhzBD2V4hT2w5wZoDDK9AO9RuaWcN_Nq.jpg'),
(147, 41, '1527389876_zcuUzSpoUnSkNy79p-LRkUvSGvM0aSGv.jpg'),
(148, 41, '1527389876_ukN1G8g6nkKH6iSXsbbSvOkj1YVZQW0B.jpg'),
(149, 41, '1527389877_S_PLAQjBCoK_aXGfKpcbp9au1_IArnkc.jpg'),
(150, 142, '1528024092_9wPFDLNYH9BEF8SuG_dYyRB3owJA1Xes.jpg'),
(151, 142, '1528024092_YrkcE4wM-RtNgUsYJBGpm4FlNIgUyY1W.jpg'),
(152, 142, '1528024092_GCJHExk6NbYXWa_-eMUD8PSeRwkr7Bka.jpg'),
(153, 142, '1528468814_DnbxRoLMQ6Ui9oWNkSelR2rw3Xj5bqkf.jpg'),
(154, 142, '1528468814_xNFJO6q4m0IYJ7UI7PLWD4eupqLLJKKL.jpg'),
(155, 142, '1528468814_sovCwz4tlN8SQ_Ob3JvjhLXnUcK4gcep.jpg'),
(156, 142, '1528468814_MRd9vLZyZP5y6xxGA248r_2XBROj7L8j.jpg'),
(157, 142, '1528468814_rg6yEoq3FxvAgr_FxUBo_S6gpHXUWR8J.jpg'),
(158, 142, '1528468815_EDF0HZUlkZdY0M0pxpnBvsaazeUcAOe8.jpg'),
(159, 142, '1528468815_6GatM4aSJDpE6CuqQapxSSAKaN8OHXUL.jpg'),
(160, 142, '1528468815_1MHs22h7A874MlkftbfTHcQq8PWfYLvg.jpg'),
(161, 143, '1529648271_iX-HsrjWna1dC0LEqDRGMNa409VyAt_Q.jpg'),
(162, 143, '1529648271_kHmvdmO3DNEgUgU9nTaNPFloTaOmORUh.jpg'),
(163, 143, '1529648271_VoPIKWgWbT15BGdt--AF0i5DLR_0N07R.jpg'),
(164, 143, '1529648271_5zuQMyFhvD4nxPa45Tjzf201OMZoI4qp.jpg'),
(165, 143, '1529648272_Un8_j9IwPtR_6nFhzvpciw1JTuMup8G8.jpg'),
(166, 143, '1529648272_S0JccES5ZO-9X2GES1QaO8oQ5EPB6bJY.jpg'),
(167, 143, '1529648272_wECCvsiBYf7vbQStq2LvAtftwSdzfP7b.jpg'),
(168, 143, '1529648272_Ji3WIb4EZAhamd6ESz6UeaGJVOc4ew0t.jpg'),
(169, 145, '1537609955_O0_dP4A8t9zlUWtjQiatzSn2m1so_Uqt.jpg'),
(170, 145, '1537609955_BANukn_gG4ASMYFOJQS1YaU5mnUu4eRK.jpg'),
(171, 145, '1537609955_k3-EV-Ggu-m6Ud-BRZczVkS0vwPtjK4M.jpg'),
(172, 145, '1537609956_KNd4QxrmnXaLdpBFjpGclUPPdqTTC9mA.jpg'),
(173, 145, '1537609956_UaVLPyMoOrd6Y7pbI_qHML6DQDTPv6iN.jpg'),
(174, 145, '1537610210_YslCrZ1nS0tYCZ-FFBQ_bqvT3QegA-zE.jpg'),
(175, 145, '1537610210_Sial1J1frDKyx4Vdj1UalEqQS4LiBIeZ.jpg'),
(176, 145, '1537610211_7DcuExOH02gCnFXIZIwGoN_3V8dY_T-V.jpg'),
(177, 145, '1537610211_f_n7hTbPz4hCphvrU_V0XQed78KkG117.jpg'),
(178, 145, '1537610211_kgHPxWDCxQjsTPEm4NORU8Q8tV9Cwjcn.jpg'),
(179, 145, '1537610211_OCAILxws1jBS6qiYFJ5BQVZQRM1sUkj4.jpg'),
(180, 145, '1537610363_ea27tQkhDXEO-haTeCMLU6dIZYRDmxZ1.jpg'),
(181, 145, '1537610363_-Klo9S2ViXsHsiqDTInIYrLjDll27olg.jpg'),
(182, 145, '1537610364_MK6YdwkppJ_fEyF8YBb_HzwDiZ0cXSZZ.jpg'),
(183, 145, '1537610364_YqoaiNqAmDTfzoP0USoslaluvS0vYK4a.jpg'),
(184, 145, '1537610364_gQbicmt9y9VBT22BxNu9ctgZa2OfDi47.jpg'),
(185, 145, '1537610364_TqSNVWwaxPs-caglQO2kw1Nel0pNJTXS.jpg'),
(186, 145, '1537610421_FN89temAaRivyjE4CF6cgFsIJ76ZSVGC.jpg'),
(187, 145, '1537610421_kd7cBxxMCE6wGpdq4L3ddRDE7lQCmpon.jpg'),
(188, 145, '1537610422_4rYktIrneH-FwOn5AB_GSUrXnZ2RvJMs.jpg'),
(189, 145, '1537610422_2RHPGFlYTmfITgnJAFuf8jsREseHILOO.jpg'),
(190, 145, '1537610422_lBc3mgXS4Us9EKPLNDEkCF7QUkNneRLH.jpg'),
(191, 145, '1537610422_zgyzlrZ_A4AUdRF0Nf2fIu6wmzGO8uCV.jpg'),
(192, 146, '1537610981_1ebSUHDa2VMkZkUeXl4WZcy4u0hNvIAB.jpg'),
(193, 146, '1537610981_9qUDWoE_IOvHHqJOLWpleDj4dFUIMiQi.jpg'),
(194, 146, '1537610981_oeDIwveboASwA_ugf8rXXeh-Lc2LUHi5.jpg'),
(195, 146, '1537610981_Df-l6PAAMvYZRr7nrP-CpGRIERw9ORAc.jpg');

-- --------------------------------------------------------

--
-- Table structure for table `cart`
--

DROP TABLE IF EXISTS `cart`;
CREATE TABLE IF NOT EXISTS `cart` (
  `id` int(25) NOT NULL AUTO_INCREMENT,
  `item_id` int(25) NOT NULL,
  `store_id` int(25) NOT NULL,
  `created_date` int(25) NOT NULL,
  `status` int(1) NOT NULL,
  `user_id` int(25) NOT NULL,
  PRIMARY KEY (`id`)
) ENGINE=InnoDB DEFAULT CHARSET=utf8;

-- --------------------------------------------------------

--
-- Table structure for table `car_features`
--

DROP TABLE IF EXISTS `car_features`;
CREATE TABLE IF NOT EXISTS `car_features` (
  `id` int(255) NOT NULL AUTO_INCREMENT,
  `car_id` int(25) NOT NULL,
  `cat_id` int(25) NOT NULL,
  PRIMARY KEY (`id`)
) ENGINE=MyISAM AUTO_INCREMENT=615 DEFAULT CHARSET=latin1;

--
-- Dumping data for table `car_features`
--

INSERT INTO `car_features` (`id`, `car_id`, `cat_id`) VALUES
(1, 1, 1),
(2, 1, 2),
(3, 2, 3),
(4, 2, 4),
(5, 3, 1),
(6, 3, 2),
(7, 3, 3),
(8, 3, 4),
(9, 3, 5),
(10, 3, 6),
(11, 3, 7),
(12, 3, 8),
(13, 3, 9),
(14, 3, 10),
(15, 3, 11),
(16, 3, 12),
(17, 3, 13),
(18, 3, 14),
(19, 3, 15),
(20, 3, 16),
(21, 4, 1),
(22, 4, 2),
(23, 4, 3),
(24, 4, 4),
(25, 4, 6),
(26, 4, 8),
(27, 4, 10),
(28, 4, 11),
(29, 4, 13),
(30, 4, 16),
(31, 5, 1),
(32, 5, 2),
(33, 5, 3),
(34, 5, 4),
(35, 5, 5),
(36, 5, 6),
(37, 5, 7),
(38, 5, 8),
(39, 5, 9),
(40, 5, 10),
(41, 5, 11),
(42, 5, 12),
(43, 5, 13),
(44, 5, 14),
(45, 5, 15),
(46, 5, 16),
(47, 5, 1),
(48, 5, 2),
(49, 5, 3),
(50, 5, 4),
(51, 5, 5),
(52, 5, 6),
(53, 5, 7),
(54, 5, 8),
(55, 5, 9),
(56, 5, 10),
(57, 5, 11),
(58, 5, 12),
(59, 5, 13),
(60, 5, 14),
(61, 5, 15),
(62, 5, 16),
(63, 5, 1),
(64, 5, 2),
(65, 5, 3),
(66, 5, 4),
(67, 5, 5),
(68, 5, 6),
(69, 5, 7),
(70, 5, 8),
(71, 5, 9),
(72, 5, 10),
(73, 5, 11),
(74, 5, 12),
(75, 5, 13),
(76, 5, 14),
(77, 5, 15),
(78, 5, 16),
(79, 6, 1),
(80, 6, 2),
(81, 6, 3),
(82, 6, 5),
(83, 6, 6),
(84, 6, 8),
(85, 6, 9),
(86, 6, 11),
(87, 6, 12),
(88, 6, 14),
(89, 6, 15),
(90, 6, 16),
(91, 6, 1),
(92, 6, 2),
(93, 6, 3),
(94, 6, 5),
(95, 6, 6),
(96, 6, 8),
(97, 6, 9),
(98, 6, 11),
(99, 6, 12),
(100, 6, 14),
(101, 6, 15),
(102, 6, 16),
(103, 6, 1),
(104, 6, 2),
(105, 6, 3),
(106, 6, 4),
(107, 6, 1),
(108, 6, 2),
(109, 6, 3),
(110, 6, 4),
(111, 8, 1),
(112, 8, 2),
(113, 8, 3),
(114, 8, 4),
(115, 8, 5),
(116, 8, 6),
(117, 8, 7),
(118, 8, 8),
(119, 8, 9),
(120, 8, 10),
(121, 8, 11),
(122, 8, 12),
(123, 8, 13),
(124, 8, 14),
(125, 8, 15),
(126, 8, 16),
(127, 10, 1),
(128, 10, 2),
(129, 10, 3),
(130, 10, 4),
(131, 10, 5),
(132, 10, 6),
(133, 10, 7),
(134, 10, 8),
(135, 10, 9),
(136, 10, 10),
(137, 10, 11),
(138, 10, 12),
(139, 10, 13),
(140, 10, 14),
(141, 10, 15),
(142, 10, 16),
(143, 11, 1),
(144, 11, 2),
(145, 11, 3),
(146, 11, 4),
(147, 11, 5),
(148, 11, 6),
(149, 11, 7),
(150, 11, 8),
(151, 11, 9),
(152, 11, 10),
(153, 11, 11),
(154, 11, 12),
(155, 11, 13),
(156, 11, 14),
(157, 11, 15),
(158, 11, 16),
(159, 12, 1),
(160, 12, 2),
(161, 12, 3),
(162, 12, 4),
(163, 12, 5),
(164, 12, 6),
(165, 12, 7),
(166, 12, 8),
(167, 12, 9),
(168, 12, 10),
(169, 12, 11),
(170, 12, 12),
(171, 12, 13),
(172, 12, 14),
(173, 12, 15),
(174, 12, 16),
(175, 13, 1),
(176, 13, 2),
(177, 13, 3),
(178, 13, 4),
(179, 13, 5),
(180, 13, 6),
(181, 13, 7),
(182, 13, 8),
(183, 13, 9),
(184, 13, 10),
(185, 13, 11),
(186, 13, 12),
(187, 13, 13),
(188, 13, 14),
(189, 13, 15),
(190, 13, 16),
(191, 14, 1),
(192, 14, 2),
(193, 14, 3),
(194, 14, 4),
(195, 14, 5),
(196, 14, 6),
(197, 14, 7),
(198, 14, 8),
(199, 14, 9),
(200, 14, 10),
(201, 14, 11),
(202, 14, 12),
(203, 14, 13),
(204, 14, 14),
(205, 14, 15),
(206, 14, 16),
(207, 15, 1),
(208, 15, 2),
(209, 15, 3),
(210, 15, 4),
(211, 16, 1),
(212, 16, 2),
(213, 16, 3),
(214, 16, 4),
(215, 17, 1),
(216, 17, 2),
(217, 17, 3),
(218, 17, 4),
(219, 18, 1),
(220, 18, 2),
(221, 18, 3),
(222, 18, 4),
(223, 19, 1),
(224, 19, 2),
(225, 19, 3),
(226, 19, 4),
(227, 20, 1),
(228, 20, 2),
(229, 20, 3),
(230, 20, 4),
(231, 20, 5),
(232, 20, 6),
(233, 20, 7),
(234, 20, 8),
(235, 20, 9),
(236, 20, 10),
(237, 20, 11),
(238, 20, 12),
(239, 20, 13),
(240, 20, 14),
(241, 20, 15),
(242, 20, 16),
(243, 20, 1),
(244, 20, 2),
(245, 20, 3),
(246, 20, 4),
(247, 20, 5),
(248, 20, 6),
(249, 20, 7),
(250, 20, 8),
(251, 20, 9),
(252, 20, 10),
(253, 20, 11),
(254, 20, 12),
(255, 20, 13),
(256, 20, 14),
(257, 20, 15),
(258, 20, 16),
(259, 21, 1),
(260, 21, 2),
(261, 21, 3),
(262, 21, 4),
(263, 21, 5),
(264, 21, 6),
(265, 21, 7),
(266, 21, 8),
(267, 21, 9),
(268, 21, 10),
(269, 21, 11),
(270, 21, 12),
(271, 21, 13),
(272, 21, 14),
(273, 21, 15),
(274, 21, 16),
(275, 22, 1),
(276, 22, 2),
(277, 22, 3),
(278, 22, 4),
(279, 22, 10),
(280, 22, 11),
(281, 23, 1),
(282, 23, 2),
(283, 23, 3),
(284, 23, 4),
(285, 23, 5),
(286, 23, 6),
(287, 23, 7),
(288, 23, 8),
(289, 23, 9),
(290, 23, 10),
(291, 23, 11),
(292, 23, 12),
(293, 23, 13),
(294, 23, 14),
(295, 23, 15),
(296, 23, 16),
(297, 24, 1),
(298, 24, 2),
(299, 24, 3),
(300, 24, 4),
(301, 24, 5),
(302, 24, 6),
(303, 24, 7),
(304, 24, 8),
(305, 24, 9),
(306, 24, 10),
(307, 24, 11),
(308, 24, 12),
(309, 24, 13),
(310, 24, 14),
(311, 24, 15),
(312, 24, 16),
(313, 25, 1),
(314, 25, 2),
(315, 25, 3),
(316, 25, 4),
(317, 25, 5),
(318, 25, 6),
(319, 25, 7),
(320, 25, 8),
(321, 25, 9),
(322, 25, 10),
(323, 25, 11),
(324, 25, 12),
(325, 25, 13),
(326, 25, 14),
(327, 25, 15),
(328, 25, 16),
(329, 26, 1),
(330, 26, 2),
(331, 26, 3),
(332, 26, 4),
(333, 26, 5),
(334, 26, 6),
(335, 26, 7),
(336, 26, 8),
(337, 26, 9),
(338, 26, 10),
(339, 26, 11),
(340, 26, 12),
(341, 26, 13),
(342, 26, 14),
(343, 26, 15),
(344, 26, 16),
(345, 27, 1),
(346, 27, 2),
(347, 27, 3),
(348, 27, 4),
(349, 27, 5),
(350, 27, 6),
(351, 27, 7),
(352, 27, 8),
(353, 27, 9),
(354, 27, 10),
(355, 27, 11),
(356, 27, 12),
(357, 27, 13),
(358, 27, 14),
(359, 27, 15),
(360, 27, 16),
(361, 28, 1),
(362, 28, 2),
(363, 28, 3),
(364, 28, 4),
(365, 28, 5),
(366, 28, 6),
(367, 28, 7),
(368, 28, 8),
(369, 28, 9),
(370, 28, 10),
(371, 28, 11),
(372, 28, 12),
(373, 28, 13),
(374, 28, 14),
(375, 28, 15),
(376, 28, 16),
(377, 29, 1),
(378, 29, 2),
(379, 29, 3),
(380, 29, 4),
(381, 29, 6),
(382, 29, 7),
(383, 29, 9),
(384, 29, 11),
(385, 29, 12),
(386, 29, 13),
(387, 29, 14),
(388, 29, 15),
(389, 29, 16),
(390, 30, 1),
(391, 30, 2),
(392, 30, 3),
(393, 30, 4),
(394, 30, 5),
(395, 30, 11),
(396, 30, 12),
(397, 30, 15),
(398, 31, 1),
(399, 31, 2),
(400, 31, 3),
(401, 31, 4),
(402, 31, 5),
(403, 31, 6),
(404, 31, 7),
(405, 31, 8),
(406, 31, 9),
(407, 31, 10),
(408, 31, 11),
(409, 31, 12),
(410, 31, 13),
(411, 31, 14),
(412, 31, 15),
(413, 31, 16),
(414, 32, 1),
(415, 32, 2),
(416, 32, 3),
(417, 32, 4),
(418, 32, 5),
(419, 32, 6),
(420, 32, 7),
(421, 32, 8),
(422, 32, 9),
(423, 32, 10),
(424, 32, 11),
(425, 32, 12),
(426, 32, 13),
(427, 32, 14),
(428, 32, 15),
(429, 32, 16),
(430, 33, 1),
(431, 33, 2),
(432, 33, 3),
(433, 33, 4),
(434, 33, 5),
(435, 33, 6),
(436, 33, 7),
(437, 33, 8),
(438, 33, 9),
(439, 33, 10),
(440, 33, 11),
(441, 33, 12),
(442, 33, 13),
(443, 33, 14),
(444, 33, 15),
(445, 33, 16),
(446, 34, 1),
(447, 34, 2),
(448, 34, 3),
(449, 34, 4),
(450, 35, 1),
(451, 35, 2),
(452, 35, 3),
(453, 35, 4),
(454, 35, 5),
(455, 35, 7),
(456, 35, 9),
(457, 35, 10),
(458, 35, 11),
(459, 35, 12),
(460, 35, 13),
(461, 35, 14),
(462, 35, 16),
(463, 36, 1),
(464, 36, 2),
(465, 36, 3),
(466, 36, 4),
(467, 36, 5),
(468, 36, 6),
(469, 36, 7),
(470, 36, 8),
(471, 36, 9),
(472, 36, 10),
(473, 36, 11),
(474, 36, 12),
(475, 36, 13),
(476, 36, 14),
(477, 36, 15),
(478, 36, 16),
(479, 37, 1),
(480, 37, 2),
(481, 37, 3),
(482, 37, 4),
(483, 37, 5),
(484, 37, 6),
(485, 37, 7),
(486, 37, 8),
(487, 37, 9),
(488, 37, 10),
(489, 37, 11),
(490, 37, 12),
(491, 37, 13),
(492, 37, 14),
(493, 37, 15),
(494, 37, 16),
(495, 36, 1),
(496, 36, 2),
(497, 36, 3),
(498, 36, 4),
(499, 36, 5),
(500, 36, 6),
(501, 36, 7),
(502, 36, 8),
(503, 36, 9),
(504, 36, 10),
(505, 36, 11),
(506, 36, 12),
(507, 36, 13),
(508, 36, 14),
(509, 36, 15),
(510, 36, 16),
(511, 36, 1),
(512, 36, 2),
(513, 36, 3),
(514, 36, 4),
(515, 36, 5),
(516, 36, 6),
(517, 36, 7),
(518, 36, 8),
(519, 36, 9),
(520, 36, 10),
(521, 36, 11),
(522, 36, 12),
(523, 36, 13),
(524, 36, 14),
(525, 36, 15),
(526, 36, 16),
(527, 40, 1),
(528, 40, 2),
(529, 40, 3),
(530, 40, 4),
(531, 40, 5),
(532, 40, 6),
(533, 40, 7),
(534, 40, 8),
(535, 40, 9),
(536, 40, 10),
(537, 40, 11),
(538, 40, 12),
(539, 40, 13),
(540, 40, 14),
(541, 40, 15),
(542, 40, 16),
(543, 41, 1),
(544, 41, 2),
(545, 41, 3),
(546, 41, 4),
(547, 41, 5),
(548, 41, 6),
(549, 41, 7),
(550, 41, 8),
(551, 41, 9),
(552, 41, 10),
(553, 41, 11),
(554, 41, 12),
(555, 41, 13),
(556, 41, 14),
(557, 41, 15),
(558, 41, 16),
(559, 42, 1),
(560, 42, 2),
(561, 42, 3),
(562, 42, 4),
(563, 42, 1),
(564, 42, 2),
(565, 42, 3),
(566, 42, 4),
(567, 42, 5),
(568, 42, 6),
(569, 42, 7),
(570, 42, 8),
(571, 42, 9),
(572, 42, 10),
(573, 42, 11),
(574, 42, 12),
(575, 42, 13),
(576, 42, 14),
(577, 42, 15),
(578, 42, 16),
(579, 143, 1),
(580, 143, 2),
(581, 143, 3),
(582, 143, 4),
(583, 143, 5),
(584, 143, 6),
(585, 143, 7),
(586, 143, 8),
(587, 143, 9),
(588, 143, 10),
(589, 143, 11),
(590, 143, 12),
(591, 143, 13),
(592, 143, 14),
(593, 143, 15),
(594, 143, 16),
(595, 145, 1),
(596, 145, 2),
(597, 145, 3),
(598, 145, 4),
(599, 145, 1),
(600, 145, 2),
(601, 145, 3),
(602, 145, 4),
(603, 145, 1),
(604, 145, 2),
(605, 145, 3),
(606, 145, 4),
(607, 145, 1),
(608, 145, 2),
(609, 145, 3),
(610, 145, 4),
(611, 146, 1),
(612, 146, 2),
(613, 146, 3),
(614, 146, 4);

-- --------------------------------------------------------

--
-- Table structure for table `colors`
--

DROP TABLE IF EXISTS `colors`;
CREATE TABLE IF NOT EXISTS `colors` (
  `id` int(25) NOT NULL AUTO_INCREMENT,
  `name` varchar(255) CHARACTER SET utf8 NOT NULL,
  `path` varchar(255) CHARACTER SET utf8 NOT NULL,
  `lang_id` int(1) NOT NULL DEFAULT '1',
  PRIMARY KEY (`id`)
) ENGINE=MyISAM AUTO_INCREMENT=17 DEFAULT CHARSET=latin1;

--
-- Dumping data for table `colors`
--

INSERT INTO `colors` (`id`, `name`, `path`, `lang_id`) VALUES
(1, 'Beige', 'beige.png', 1),
(2, 'black', 'black.png', 1),
(3, 'blue', 'blue.png', 1),
(4, 'brown', 'brown.png', 1),
(5, 'green', 'green.png', 1),
(6, 'grey', 'grey.png', 1),
(7, 'maroon', 'maroon.png', 1),
(8, 'orange', 'orange.png', 1),
(9, 'pink', 'pink.png', 1),
(10, 'purple', 'purple.png', 1),
(11, 'red', 'red.png', 1),
(12, 'silver', 'silver.png', 1),
(13, 'turquoise', 'turquoise.png', 1),
(14, 'white', 'white.png', 1),
(15, 'yellow', 'yellow.png', 1),
(16, 'gold', 'gold.png', 1);

-- --------------------------------------------------------

--
-- Table structure for table `contact`
--

DROP TABLE IF EXISTS `contact`;
CREATE TABLE IF NOT EXISTS `contact` (
  `id` int(25) NOT NULL AUTO_INCREMENT,
  `name` varchar(255) NOT NULL,
  `email` varchar(255) NOT NULL,
  `message` text NOT NULL,
  `status` int(1) NOT NULL DEFAULT '1',
  `date` int(255) NOT NULL,
  PRIMARY KEY (`id`)
) ENGINE=InnoDB AUTO_INCREMENT=3 DEFAULT CHARSET=utf8;

--
-- Dumping data for table `contact`
--

INSERT INTO `contact` (`id`, `name`, `email`, `message`, `status`, `date`) VALUES
(1, 'Alaa Jaradeh', 'alaa.jaradeh@gmail.com', 'testing contact request #1', 2, 1542148507),
(2, 'Alaa Jaradeh', 'alaa.jaradeh@gmail.com', 'testing contact request #2', 1, 1542148507);

-- --------------------------------------------------------

--
-- Table structure for table `fav_list`
--

DROP TABLE IF EXISTS `fav_list`;
CREATE TABLE IF NOT EXISTS `fav_list` (
  `id` int(25) NOT NULL AUTO_INCREMENT,
  `listing_id` int(25) NOT NULL,
  `user_id` int(25) NOT NULL,
  `status` int(1) NOT NULL DEFAULT '1',
  `date_added` int(25) NOT NULL,
  PRIMARY KEY (`id`)
) ENGINE=MyISAM AUTO_INCREMENT=7 DEFAULT CHARSET=latin1;

--
-- Dumping data for table `fav_list`
--

INSERT INTO `fav_list` (`id`, `listing_id`, `user_id`, `status`, `date_added`) VALUES
(1, 41, 1, 1, 1527530065),
(2, 26, 1, 1, 1527941608),
(3, 40, 1, 1, 1528195465),
(4, 35, 1, 1, 1528195470),
(5, 142, 1, 1, 1528969255),
(6, 39, 1, 1, 1528969258);

-- --------------------------------------------------------

--
-- Table structure for table `make`
--

DROP TABLE IF EXISTS `make`;
CREATE TABLE IF NOT EXISTS `make` (
  `id` int(25) NOT NULL AUTO_INCREMENT,
  `name` varchar(255) CHARACTER SET utf8 NOT NULL,
  `path` varchar(255) CHARACTER SET utf8 NOT NULL,
  `lang_id` int(1) NOT NULL DEFAULT '1',
  PRIMARY KEY (`id`)
) ENGINE=MyISAM AUTO_INCREMENT=38 DEFAULT CHARSET=latin1;

--
-- Dumping data for table `make`
--

INSERT INTO `make` (`id`, `name`, `path`, `lang_id`) VALUES
(1, 'Mercedes Benz', 'Mercedes-Benz-logo-2009-1920x1080.png', 1),
(2, 'BMW', 'BMW-logo-2000-2048x2048.png', 1),
(3, 'Hyundai', '2000px-Hyundai_Motor_Company_logo.svg.png', 1),
(4, 'Ford', 'Ford-logo-2003-1366x768.png', 1),
(5, 'mitsubishi', 'Mitsubishi_Motors-logo-77529D8491-seeklogo.com.png', 1),
(6, 'toyota', 'Toyota-logo-1989-2560x1440.png', 1),
(12, 'Audi', '1524621361_qWtXzg4cLryY9AF3tQbkQqxaFzo_Hgfe.png', 1),
(11, 'KIA MOTORS', '1524621313_yvV0YecP-6kdn0krxFFqkvfwbfMA7QiA.png', 1),
(16, 'Jeep', '1524622731_ZRBIvrEGwIAMguihxf5EwmiPuj5i5lyK.png', 1),
(17, 'Dodge', '1524622836_bJJbeFf06cHTtPJKpt3_r8jBvVfQlunC.png', 1),
(18, 'Nissan', '1524623244_Rq1eh9nn1xPoEwdleOzRw6-h3TiWcxo6.png', 1),
(19, 'Ferrari', '1524623721_ip499ckwT0GeJMBurlMVOS1OECle6Z3n.png', 1),
(20, 'مرسيدس بنز', 'Mercedes-Benz-logo-2009-1920x1080.png', 2),
(21, 'بي ام دبليو', 'BMW-logo-2000-2048x2048.png', 2),
(22, 'هونداي', '2000px-Hyundai_Motor_Company_logo.svg.png', 2),
(23, 'فورد', 'Ford-logo-2003-1366x768.png', 2),
(24, 'ميتسوبيشي', 'Mitsubishi_Motors-logo-77529D8491-seeklogo.com.png', 2),
(25, 'تويوتا', 'Toyota-logo-1989-2560x1440.png', 2),
(26, 'اودي', '1524621361_qWtXzg4cLryY9AF3tQbkQqxaFzo_Hgfe.png', 2),
(27, 'كيا موتورز', '1524621313_yvV0YecP-6kdn0krxFFqkvfwbfMA7QiA.png', 2),
(28, 'جيب', '1524622731_ZRBIvrEGwIAMguihxf5EwmiPuj5i5lyK.png', 2),
(29, 'دودج', '1524622836_bJJbeFf06cHTtPJKpt3_r8jBvVfQlunC.png', 2),
(30, 'نيسان', '1524623244_Rq1eh9nn1xPoEwdleOzRw6-h3TiWcxo6.png', 2),
(31, 'فيراري', '1524623721_ip499ckwT0GeJMBurlMVOS1OECle6Z3n.png', 2),
(32, 'GMC', '1525789770_dWzW0oKXXsjIFM6sHWSbbKHc5msVNqh0.png', 1),
(33, 'جي ام سي', '1525789783_AVTHfo6XwfEQRM7vU2jjIUtx_8OgFVbf.png', 2);

-- --------------------------------------------------------

--
-- Table structure for table `migration`
--

DROP TABLE IF EXISTS `migration`;
CREATE TABLE IF NOT EXISTS `migration` (
  `version` varchar(180) NOT NULL,
  `apply_time` int(11) DEFAULT NULL,
  PRIMARY KEY (`version`)
) ENGINE=InnoDB DEFAULT CHARSET=utf8;

--
-- Dumping data for table `migration`
--

INSERT INTO `migration` (`version`, `apply_time`) VALUES
('m000000_000000_base', 1459754785),
('m130524_201442_init', 1459754789);

-- --------------------------------------------------------

--
-- Table structure for table `milage`
--

DROP TABLE IF EXISTS `milage`;
CREATE TABLE IF NOT EXISTS `milage` (
  `id` int(25) NOT NULL AUTO_INCREMENT,
  `name` varchar(255) CHARACTER SET utf8 NOT NULL,
  `lang_id` int(1) NOT NULL DEFAULT '1',
  PRIMARY KEY (`id`)
) ENGINE=MyISAM AUTO_INCREMENT=23 DEFAULT CHARSET=latin1;

--
-- Dumping data for table `milage`
--

INSERT INTO `milage` (`id`, `name`, `lang_id`) VALUES
(1, '0', 1),
(2, '1 - 9,999', 1),
(3, '10,000 - 19,999', 1),
(4, '20,000 - 29,999', 1),
(5, '30,000 - 39,999', 1),
(6, '40,000 - 49,999', 1),
(7, '50,000 - 59,999', 1),
(8, '60,000 - 69,999', 1),
(9, '70,000 - 79,999', 1),
(10, '80,000 - 89,999', 1),
(11, '90,000 - 99,999', 1),
(12, '100,000 - 109,999', 1),
(13, '110,000 - 119,999', 1),
(14, '120,000 - 129,999', 1),
(15, '130,000 - 139,999', 1),
(16, '140,000 - 149,999', 1),
(17, '150,000 - 159,999', 1),
(18, '160,000 - 169,999', 1),
(19, '170,000 - 179,999', 1),
(20, '180,000 - 189,999', 1),
(21, '190,000 - 199,999', 1),
(22, '+200,000', 1);

-- --------------------------------------------------------

--
-- Table structure for table `model`
--

DROP TABLE IF EXISTS `model`;
CREATE TABLE IF NOT EXISTS `model` (
  `id` int(25) NOT NULL AUTO_INCREMENT,
  `name` varchar(255) CHARACTER SET utf8 NOT NULL,
  `make_id` int(25) NOT NULL,
  PRIMARY KEY (`id`)
) ENGINE=MyISAM AUTO_INCREMENT=59 DEFAULT CHARSET=latin1;

--
-- Dumping data for table `model`
--

INSERT INTO `model` (`id`, `name`, `make_id`) VALUES
(58, 'test 3', 5),
(57, 'test 2', 5),
(56, 'test1', 5),
(5, '4 Series', 2),
(6, '6 Series', 2),
(7, 'X5', 2),
(8, 'x6 new', 2),
(9, 'XG', 3),
(10, 'NF', 3),
(11, 'EQUUS', 3),
(12, 'H-1', 3),
(13, 'H100', 3),
(14, 'Tundra', 6),
(15, 'Prado', 6),
(16, 'Prius', 6),
(17, 'Supra', 6),
(18, 'Camry', 6),
(19, 'fusion', 4),
(20, 'Mustang', 4),
(21, 'Explorer', 4),
(22, 'Escape', 4),
(23, 'Taurus', 4),
(24, 'Pajero', 5),
(25, 'Galant', 5),
(26, 'Lancer', 5),
(27, 'Lancer Evolution', 5),
(28, 'Mirage', 5),
(29, 'Optima', 11),
(30, 'Charger', 17),
(31, 'Challenger', 17),
(32, 'Maxima', 18),
(33, 'S4', 12),
(37, 'GTR', 18),
(36, 'Ultima', 18),
(38, 'GTR', 18),
(44, 'ِأكاديا', 33),
(40, 'Ram', 17),
(45, 'سلفرادو', 33),
(46, 'Focus', 4),
(47, 'الفئة 4', 21),
(48, 'الفئة 6', 21),
(49, 'F 150', 4),
(50, 'durango', 17),
(51, 'e200 sport', 1),
(52, 'e250', 1),
(53, 's500.', 1);

-- --------------------------------------------------------

--
-- Table structure for table `model_category`
--

DROP TABLE IF EXISTS `model_category`;
CREATE TABLE IF NOT EXISTS `model_category` (
  `id` int(25) NOT NULL AUTO_INCREMENT,
  `name` varchar(255) CHARACTER SET utf8 NOT NULL,
  `make_id` int(25) NOT NULL,
  PRIMARY KEY (`id`)
) ENGINE=MyISAM AUTO_INCREMENT=9 DEFAULT CHARSET=latin1;

--
-- Dumping data for table `model_category`
--

INSERT INTO `model_category` (`id`, `name`, `make_id`) VALUES
(5, 'Mercedes Class 1', 52),
(6, 'Mercedes Class 2', 52),
(7, 'Mercedes Class 3', 52),
(8, 'Mercedes Class 4', 52);

-- --------------------------------------------------------

--
-- Table structure for table `purchased`
--

DROP TABLE IF EXISTS `purchased`;
CREATE TABLE IF NOT EXISTS `purchased` (
  `id` int(11) NOT NULL AUTO_INCREMENT,
  `user_id` int(25) DEFAULT NULL,
  `store_id` int(25) DEFAULT NULL,
  `item_id` int(25) DEFAULT NULL,
  `status` int(25) DEFAULT NULL,
  `date_created` int(25) DEFAULT NULL,
  `checkout_id` varchar(255) NOT NULL,
  `transaction_id` varchar(255) DEFAULT NULL,
  `payment_type` varchar(255) DEFAULT NULL,
  `payment_brand` varchar(255) DEFAULT NULL,
  `amount` varchar(255) DEFAULT NULL,
  `currency` varchar(255) DEFAULT NULL,
  `descriptor` varchar(255) DEFAULT NULL,
  `code` varchar(255) DEFAULT NULL,
  `description` varchar(255) DEFAULT NULL,
  `connector_id` varchar(255) NOT NULL,
  `transaction_identfier` varchar(255) NOT NULL,
  `authorized_id` varchar(255) DEFAULT NULL,
  `csc_result_code` varchar(255) DEFAULT NULL,
  `connector_tx_id_1` varchar(255) DEFAULT NULL,
  `end_to_end` varchar(255) DEFAULT NULL,
  `batch_no` varchar(255) DEFAULT NULL,
  `ver_status` varchar(255) DEFAULT NULL,
  `avs_result_code` varchar(255) DEFAULT NULL,
  `bin` varchar(255) DEFAULT NULL,
  `last_4_digits` varchar(255) DEFAULT NULL,
  `holder` varchar(255) DEFAULT NULL,
  `expiry_month` varchar(255) DEFAULT NULL,
  `expiry_year` varchar(255) DEFAULT NULL,
  `given_name` varchar(255) DEFAULT NULL,
  `surname` varchar(255) DEFAULT NULL,
  `ip` varchar(255) DEFAULT NULL,
  `street_1` varchar(255) DEFAULT NULL,
  `city` varchar(255) DEFAULT NULL,
  `state` varchar(255) DEFAULT NULL,
  `post_code` varchar(255) DEFAULT NULL,
  `country` varchar(255) DEFAULT NULL,
  `build_number` varchar(255) DEFAULT NULL,
  `date` varchar(255) DEFAULT NULL,
  `ndc` varchar(255) DEFAULT NULL,
  PRIMARY KEY (`id`)
) ENGINE=InnoDB AUTO_INCREMENT=2 DEFAULT CHARSET=utf8;

--
-- Dumping data for table `purchased`
--

INSERT INTO `purchased` (`id`, `user_id`, `store_id`, `item_id`, `status`, `date_created`, `checkout_id`, `transaction_id`, `payment_type`, `payment_brand`, `amount`, `currency`, `descriptor`, `code`, `description`, `connector_id`, `transaction_identfier`, `authorized_id`, `csc_result_code`, `connector_tx_id_1`, `end_to_end`, `batch_no`, `ver_status`, `avs_result_code`, `bin`, `last_4_digits`, `holder`, `expiry_month`, `expiry_year`, `given_name`, `surname`, `ip`, `street_1`, `city`, `state`, `post_code`, `country`, `build_number`, `date`, `ndc`) VALUES
(1, 45, 44, 3, 3, 123213213, '123213', '123213', NULL, NULL, '2', NULL, NULL, NULL, NULL, '', '', NULL, NULL, NULL, NULL, NULL, NULL, NULL, NULL, NULL, NULL, NULL, NULL, NULL, NULL, NULL, NULL, NULL, NULL, NULL, NULL, NULL, NULL, NULL);

-- --------------------------------------------------------

--
-- Table structure for table `stores`
--

DROP TABLE IF EXISTS `stores`;
CREATE TABLE IF NOT EXISTS `stores` (
  `id` int(25) NOT NULL AUTO_INCREMENT,
  `slug` varchar(255) CHARACTER SET utf8 NOT NULL,
  `user_id` int(25) NOT NULL,
  `created_user_id` int(25) DEFAULT NULL,
  `name` varchar(25) CHARACTER SET utf8 NOT NULL,
  `location` int(1) NOT NULL DEFAULT '1',
  `path` varchar(255) CHARACTER SET utf8 NOT NULL,
  `status` int(1) NOT NULL DEFAULT '1',
  `date_created` int(25) NOT NULL,
  `date_updated` int(25) NOT NULL,
  PRIMARY KEY (`id`)
) ENGINE=MyISAM AUTO_INCREMENT=14 DEFAULT CHARSET=latin1;

--
-- Dumping data for table `stores`
--

INSERT INTO `stores` (`id`, `slug`, `user_id`, `created_user_id`, `name`, `location`, `path`, `status`, `date_created`, `date_updated`) VALUES
(1, 'al_markzyeh_cars_pntovouho2hqfwyzxjdfziv9ybq5boza', 1, 1, 'Al Markzyeh Cars', 1, '1533031595_EKfb7gXLd5yWgzVFp3IgS8BIVbhU-1o-.jpg', 3, 1533031595, 1533031595),
(2, 'meshwar_for_cars_e4h1_we9j2laj_mgxftabobn0ipqdnkdhy_lg', 1, 1, 'Meshwar For Cars -  مشوار', 1, '1533031603_WFwGHRnRzjGE3Rzudn7b1t3hbmq71TWt.jpg', 1, 1533031603, 1533031603),
(3, 'fursan_for_cars_da13f_e_nqh9cgtr8kibprfxhq42816ttepw0s', 1, 1, 'Fursan For Cars - الفرسان', 1, '1533031614_BW9wlkjfZNaTDlJDqGefw48lFO9dG6Q8.png', 1, 1533031614, 1533031614),
(4, 'tawfiq_gargour_files_ip0fem8x6rfblxavor8dd_wsxznvk_6b', 1, 1, 'Tawfiq Gargour & files', 1, '1533031663_i0SoP8luvjr3vXezHbyYpF2j6cp5ENmJ.gif', 1, 1533031663, 1533031663),
(5, 'nuqul_group_forn24hnd6ofqxfxhutf5qnuzhqkcw_l', 1, 1, 'Nuqul Group', 1, '1533036793_6XEKBiviHq_povWbz60wzsWUWEG6nccp.jpg', 1, 1533036793, 1533036793),
(13, 'bmw_cars_fm2dvotdfodlcyz9rlmh0disxvd9g2kl', 1, 1, 'BMW Dealer', 2, '1533921125_jUygwopoDXcQfuTXAkvSQc0uJAd2dIs-.png', 1, 1533921125, 1533921125),
(12, 'volvo_cars_n1samxravi3uycetk3pvbnmjibtealpo', 1, 1, 'Volvo Dealer', 2, '1533920739_Vhxz5ElhxVYvBl2yzSpu0jGAuWakBk4R.png', 1, 1533920739, 1533920739),
(8, 'ferrari_cars_w_hx4hc9jb4arzv1pycxhhqq49dtkq_l', 1, 1, 'Ferrari Dealer', 2, '1533920358_bmXG8EjF_4Lzqn2XCN9R35NYm7N6YRJH.png', 1, 1533920358, 1533920358),
(9, 'honda_cars_fklld8e7j6r6r9v1jaszgcmguem1je4q', 1, 1, 'Honda Dealer', 2, '1533920369_YybQtpc8PP11qtFme7erLrtV3LjUQMqp.png', 1, 1533920369, 1533920369),
(11, 'peugeot_cars_r822vnekkmxoorzjtf4anj8ptcl4t3in', 1, 1, 'Peugeot Dealer', 2, '1533920390_sF_PNnZAZrU0TNf1aRYd2XFGqjsbkuVI.png', 1, 1533920390, 1533920390);

-- --------------------------------------------------------

--
-- Table structure for table `user`
--

DROP TABLE IF EXISTS `user`;
CREATE TABLE IF NOT EXISTS `user` (
  `id` int(11) NOT NULL AUTO_INCREMENT,
  `username` varchar(255) COLLATE utf8_unicode_ci NOT NULL,
  `first_name` varchar(255) CHARACTER SET utf8 NOT NULL,
  `last_name` varchar(255) CHARACTER SET utf8 NOT NULL,
  `auth_key` varchar(32) COLLATE utf8_unicode_ci NOT NULL,
  `password_hash` varchar(255) COLLATE utf8_unicode_ci NOT NULL,
  `pass` varchar(255) CHARACTER SET utf8 NOT NULL,
  `password_reset_token` varchar(255) COLLATE utf8_unicode_ci DEFAULT NULL,
  `email` varchar(255) COLLATE utf8_unicode_ci NOT NULL,
  `phone` int(25) NOT NULL,
  `status` smallint(6) NOT NULL DEFAULT '10',
  `login_status` int(1) NOT NULL DEFAULT '1',
  `admin` int(1) NOT NULL DEFAULT '2',
  `role` int(25) NOT NULL DEFAULT '10',
  `created_at` int(11) NOT NULL,
  `updated_at` int(11) NOT NULL,
  PRIMARY KEY (`id`),
  UNIQUE KEY `username` (`username`),
  UNIQUE KEY `email` (`email`),
  UNIQUE KEY `password_reset_token` (`password_reset_token`)
) ENGINE=InnoDB AUTO_INCREMENT=15 DEFAULT CHARSET=utf8 COLLATE=utf8_unicode_ci;

--
-- Dumping data for table `user`
--

INSERT INTO `user` (`id`, `username`, `first_name`, `last_name`, `auth_key`, `password_hash`, `pass`, `password_reset_token`, `email`, `phone`, `status`, `login_status`, `admin`, `role`, `created_at`, `updated_at`) VALUES
(1, 'admin1', 'Admin', 'Admin', '', '$2y$13$88ZSgb0kLQOuRPWmJ/v5.uTadXQ8OAXsX6tpXxOXACEJCxgrt537y', 'admin1', NULL, 'admin@matjrak.com', 799204541, 10, 1, 10, 20, 1493417801, 0),
(7, 'jaradeh', 'Alaa', 'Jaradeh', 'Dt4yekpXG4HezomeSkO-yJj5tfpKrbfx', '$2y$13$hWyjdwJIfbN.sF7Wr.6bpu8OAmefgqWd.ZwANmwEKX/JkbbpNOSLK', 'jaradea', NULL, 'alaa.jaradeh@gmail.com', 2147483647, 10, 1, 2, 10, 1529647954, 1529647954),
(11, 'o.hamarneh', 'Odai', 'Hamarneh', 'DfoqvTUhdGNcrVS42RU1QxIm6x13NEWP', '$2y$13$OtuXhnOQpw9vVDZT03hoiuuBHmhNko55rYabazBmgFCQlRrC0kyh6', 'odai.hamarneh2019#', NULL, 'odai.hamarneh@gmail.com', 799999, 10, 1, 2, 10, 1537201108, 1537201108),
(12, 'i.gammoh', 'ibrahim', 'gammoh', 'FxgTq3NHjErE8kWq51ESRdjcRQrPz-zK', '$2y$13$hQc3ugg0lfmtN6GOK//W7.EFa4ITOt5M78b9Umy0cbQCm.wvdtbQW', 'gammoh2019#', NULL, 'ibrahim.gammoh@gmail.com', 799999, 10, 1, 2, 10, 1537201224, 1537201224),
(13, 'z.gammoh', 'zaid', 'gammoh', 'bniaipztDhDOkLoSW3edmf2_ZN9lqx-5', '$2y$13$YDYEueYKF9jAI4NC81QdpOcZvrCtt/cD2.2pRqaTjmbGXlM4xtY3O', 'z.gammoh2019#', NULL, 'z.gammoh@live.com', 799999, 10, 1, 2, 10, 1537201268, 1537201268),
(14, 'seller1', 'Alaa', 'Jaradeh', 'o8vCXAM_9zDX5Q5S5aRAR4JoZanvUSs2', '$2y$13$7Sr5F.nK3iSAj0nWYHTsoOYh1zRVlbhch3KACrPcwKBR03e/a1GjS', 'jaradeh', NULL, 'seller1@gmail.com', 799204541, 10, 2, 2, 10, 1542151853, 1542151853);

-- --------------------------------------------------------

--
-- Table structure for table `years`
--

DROP TABLE IF EXISTS `years`;
CREATE TABLE IF NOT EXISTS `years` (
  `id` int(25) NOT NULL AUTO_INCREMENT,
  `name` int(4) NOT NULL,
  PRIMARY KEY (`id`)
) ENGINE=MyISAM AUTO_INCREMENT=61 DEFAULT CHARSET=latin1;

--
-- Dumping data for table `years`
--

INSERT INTO `years` (`id`, `name`) VALUES
(1, 1960),
(2, 1961),
(3, 1962),
(4, 1963),
(5, 1964),
(6, 1965),
(7, 1966),
(8, 1967),
(9, 1968),
(10, 1969),
(11, 1970),
(12, 1971),
(13, 1972),
(14, 1973),
(15, 1974),
(16, 1975),
(17, 1976),
(18, 1977),
(19, 1978),
(20, 1979),
(21, 1980),
(22, 1981),
(23, 1982),
(24, 1983),
(25, 1984),
(26, 1985),
(27, 1986),
(28, 1987),
(29, 1988),
(30, 1989),
(31, 1990),
(32, 1991),
(33, 1992),
(34, 1993),
(35, 1994),
(36, 1995),
(37, 1996),
(38, 1997),
(39, 1998),
(40, 1999),
(41, 2000),
(42, 2001),
(43, 2002),
(44, 2003),
(45, 2004),
(46, 2005),
(47, 2006),
(48, 2007),
(49, 2008),
(50, 2009),
(51, 2010),
(52, 2011),
(53, 2012),
(54, 2013),
(55, 2014),
(56, 2015),
(57, 2016),
(58, 2017),
(59, 2018),
(60, 2019);
COMMIT;

/*!40101 SET CHARACTER_SET_CLIENT=@OLD_CHARACTER_SET_CLIENT */;
/*!40101 SET CHARACTER_SET_RESULTS=@OLD_CHARACTER_SET_RESULTS */;
/*!40101 SET COLLATION_CONNECTION=@OLD_COLLATION_CONNECTION */;
